Time (s),Speed (km/h),Torque (Nm),RPM,Gear,Drag (N),Coolant (C),Oil (C),RPM/s,Acceleration (m/s2)
0,0,0,800,1,0,85.0027,100,0,0
0.1,7.28839,246.5,800,1,0,85.0053,100,0,0
0.2,8.57665,303.391,941.404,1,2.45382,85.0085,100,1414.04,3.57849
0.3,10.1736,373.915,1116.69,1,3.39793,85.0122,100,1752.85,4.43593
0.4,12.1531,461.334,1333.97,1,4.78109,85.0166,100.001,2172.82,5.49873
0.5,14.6069,569.696,1603.3,1,6.82268,85.0219,100.001,2693.34,6.81602
0.6,17.6484,704.015,1937.15,1,9.85587,85.0283,100.001,3338.48,8.44868
0.7,21.4184,850,2350.96,1,14.3877,85.0361,100.002,4138.03,10.4721
0.8,25.9797,850,2851.63,1,21.191,85.0456,100.003,5006.7,12.6704
0.9,30.5395,850,3352.13,1,31.178,85.0567,100.003,5005.01,12.6661
1,35.0975,850,3852.43,1,43.0827,85.0695,100.004,5002.99,12.661
1.1,39.6533,850,4352.49,1,56.9025,85.0839,100.006,5000.65,12.6551
1.2,44.2067,826.044,4852.29,1,72.6337,85.1,100.007,4997.98,12.6484
1.3,48.6274,793.049,5337.51,1,90.2726,85.1177,100.009,4852.26,12.2796
1.4,52.866,761.412,5802.76,1,109.23,85.1369,100.011,4652.45,11.7739
1.5,56.9298,731.08,6248.82,1,129.102,85.1576,100.013,4460.59,11.2884
1.6,60.8258,702.001,6676.46,1,149.713,85.1798,100.015,4276.37,10.8222
1.7,64.5606,834.715,4724.77,2,170.905,85.1953,100.018,4099.51,10.3746
1.8,67.5025,820.075,4940.07,2,192.537,85.2116,100.021,2152.98,8.17192
1.9,70.3887,805.712,5151.29,2,210.484,85.2286,100.024,2112.17,7.87265
2,73.2205,791.62,5358.53,2,225.435,85.2462,100.027,2072.44,7.86624
2.1,75.9985,777.795,5561.83,2,243.939,85.2646,100.031,2033.03,7.71662
2.2,78.7235,764.234,5761.26,2,262.8,85.2835,100.035,1994.28,7.56955
2.3,81.3965,750.932,5956.88,2,281.984,85.3032,100.039,1956.19,7.42499
2.4,84.0198,737.878,6148.86,2,292.414,85.3234,100.043,1919.78,7.28679
2.5,86.5928,725.073,6337.16,2,311.566,85.3443,100.047,1883.04,7.14733
2.6,89.1165,712.514,6521.86,2,330.941,85.3658,100.052,1846.94,7.0103
2.7,91.5918,700.196,6703,2,350.512,85.3879,100.057,1811.46,6.87564
2.8,94.0194,688.115,6880.66,2,370.254,85.4105,100.063,1776.6,6.74334
2.9,96.4002,834.55,4727.21,3,390.141,85.4259,100.068,1742.36,5.3173
3,98.3113,828.177,4820.93,3,410.15,85.4417,100.074,937.173,5.30873
3.1,100.204,821.864,4913.76,3,426.574,85.4577,100.079,928.352,5.25876
3.2,102.08,815.609,5005.75,3,438.661,85.474,100.085,919.93,5.21105
3.3,103.939,809.412,5096.88,3,455.24,85.4906,100.091,911.236,5.1618
3.4,105.779,803.275,5187.14,3,471.965,85.5076,100.098,902.601,5.11289
3.5,107.602,797.195,5276.54,3,488.829,85.5248,100.104,894.026,5.06431
3.6,109.408,791.174,5365.09,3,505.825,85.5423,100.111,885.51,5.01607
3.7,111.197,785.21,5452.8,3,522.945,85.5601,100.117,877.053,4.96817
3.8,112.968,779.303,5539.66,3,540.182,85.5781,100.124,868.656,4.92061
3.9,114.723,773.453,5625.69,3,557.53,85.5965,100.131,860.319,4.83397
4,116.46,767.659,5710.9,3,574.981,85.6151,100.139,852.041,4.82649
4.1,118.181,761.921,5795.28,3,592.53,85.634,100.146,843.823,4.77993
4.2,119.885,756.238,5878.85,3,610.169,85.6532,100.154,835.664,4.73372
4.3,121.573,750.611,5961.6,3,627.893,85.6726,100.161,827.565,4.68784
4.4,123.243,745.04,6043.53,3,648.908,85.6923,100.169,819.283,4.64092
4.5,124.898,739.523,6124.66,3,666.866,85.7123,100.178,811.298,4.59569
4.6,126.536,734.06,6205,3,684.89,85.7326,100.186,803.373,4.5508
4.7,128.158,728.651,6284.55,3,702.975,85.7531,100.194,795.508,4.50625
4.8,129.765,723.294,6363.32,3,721.116,85.7738,100.203,787.702,4.46203
4.9,131.355,717.991,6441.32,3,739.306,85.7948,100.212,779.956,4.38242
5,132.93,712.739,6518.54,3,757.541,85.8161,100.221,772.269,4.37461
5.1,134.489,707.54,6595.01,3,775.814,85.8376,100.23,764.64,4.3314
5.2,136.033,702.391,6670.71,3,794.122,85.8594,100.24,757.072,4.28852
5.3,137.562,697.294,6745.67,3,812.459,85.8814,100.249,749.562,4.24598
5.4,139.075,692.248,6819.88,3,830.82,85.9036,100.259,742.111,4.20377
5.5,140.574,687.252,6893.35,3,849.201,85.9261,100.269,734.718,4.1619
5.6,142.057,682.306,6966.09,3,867.596,85.9488,100.279,727.385,4.12036
5.7,143.525,777.172,5571,4,886.003,85.9668,100.29,720.11,4.07915
5.8,144.828,773.734,5621.57,4,904.415,85.985,100.3,505.701,3.61899
5.9,146.122,770.319,5671.78,4,920.909,86.0034,100.311,502.151,3.57537
6,147.406,766.928,5721.64,4,937.435,86.0219,100.321,498.617,3.56829
6.1,148.682,763.562,5771.15,4,953.99,86.0406,100.332,495.099,3.54311
6.2,149.948,760.219,5820.31,4,970.571,86.0594,100.343,491.597,3.51805
6.3,151.206,756.9,5869.12,4,987.176,86.0784,100.354,488.111,3.49311
6.4,152.455,753.604,5917.59,4,1003.8,86.0976,100.365,484.642,3.46828
6.5,153.694,750.332,5965.71,4,1020.45,86.1169,100.376,481.19,3.44357
6.6,154.925,747.083,6013.48,4,1037.11,86.1363,100.388,477.753,3.41898
6.7,156.147,743.858,6060.92,4,1053.79,86.1559,100.399,474.334,3.39451
6.8,157.36,740.655,6108.01,4,1070.48,86.1757,100.411,470.931,3.37016
6.9,158.565,737.476,6154.76,4,1087.18,86.1956,100.423,467.544,3.32897
7,159.761,734.32,6201.18,4,1103.89,86.2157,100.435,464.174,3.32181
7.1,160.948,731.186,6247.26,4,1120.6,86.2359,100.447,460.821,3.29781
7.2,162.127,728.075,6293.01,4,1137.32,86.2563,100.459,457.485,3.27394
7.3,163.297,724.987,6338.43,4,1154.04,86.2768,100.471,454.166,3.25018
7.4,164.458,721.921,6383.51,4,1170.75,86.2974,100.484,450.863,3.22655
7.5,165.611,718.878,6428.27,4,1187.47,86.3182,100.496,447.577,3.20303
7.6,166.756,715.856,6472.7,4,1204.18,86.3392,100.509,444.309,3.17964
7.7,167.892,712.857,6516.81,4,1220.88,86.3603,100.521,441.057,3.15637
7.8,169.02,709.88,6560.59,4,1237.58,86.3815,100.534,437.822,3.13322
7.9,170.14,706.925,6604.05,4,1254.26,86.4029,100.547,434.604,3.09443
8,171.251,703.991,6647.19,4,1270.93,86.4244,100.561,431.403,3.08729
8.1,172.355,701.079,6690.01,4,1287.59,86.446,100.574,428.22,3.0645
8.2,173.45,698.189,6732.52,4,1304.24,86.4678,100.587,425.053,3.04184
8.3,174.537,695.32,6774.71,4,1320.86,86.4898,100.601,421.904,3.0193
8.4,175.615,692.472,6816.59,4,1337.47,86.5118,100.614,418.771,2.99688
8.5,176.686,689.646,6858.15,4,1354.05,86.534,100.628,415.656,2.97459
8.6,177.749,686.84,6899.41,4,1370.62,86.5563,100.642,412.558,2.95242
8.7,178.804,684.056,6940.35,4,1387.16,86.5788,100.656,409.476,2.93037
8.8,179.851,681.292,6981,4,1403.67,86.6014,100.67,406.412,2.90844
8.9,180.89,787.959,5412.36,5,1420.16,86.6187,100.685,403.366,2.4926
9,181.785,786.139,5439.14,5,1436.62,86.6361,100.699,267.729,2.48554
9.1,182.675,784.328,5465.76,5,1450.87,86.6536,100.713,266.265,2.47195
9.2,183.56,782.527,5492.24,5,1465.11,86.6712,100.728,264.806,2.45841
9.3,184.44,780.737,5518.58,5,1479.34,86.6888,100.742,263.352,2.4449
9.4,185.316,778.956,5544.77,5,1493.56,86.7066,100.756,261.902,2.43145
9.5,186.186,777.185,5570.82,5,1507.77,86.7244,100.771,260.458,2.41804
9.6,187.052,775.423,5596.72,5,1521.97,86.7423,100.786,259.018,2.40467
9.7,187.913,773.672,5622.48,5,1536.15,86.7603,100.8,257.583,2.39135
9.8,188.769,771.93,5648.09,5,1550.32,86.7783,100.815,256.153,2.37807
9.9,189.62,770.198,5673.56,5,1564.48,86.7965,100.83,254.728,2.35772
10,190.467,768.475,5698.89,5,1578.63,86.8147,100.844,253.308,2.35166
10.1,191.309,766.762,5724.08,5,1592.75,86.833,100.859,251.893,2.33852
10.2,192.146,765.059,5749.13,5,1606.86,86.8514,100.874,250.483,2.32543
10.3,192.978,763.365,5774.04,5,1620.96,86.8699,100.889,249.078,2.31239
10.4,193.806,761.681,5798.81,5,1635.03,86.8885,100.904,247.678,2.29939
10.5,194.629,760.006,5823.44,5,1649.09,86.9071,100.919,246.283,2.28645
10.6,195.447,758.341,5847.93,5,1663.13,86.9258,100.934,244.894,2.27354
10.7,196.261,756.685,5872.28,5,1677.15,86.9446,100.949,243.509,2.26069
10.8,197.071,755.039,5896.49,5,1691.14,86.9634,100.964,242.13,2.24788
10.9,197.875,753.402,5920.57,5,1705.12,86.9824,100.98,240.755,2.2284
11,198.675,751.774,5944.5,5,1719.07,87.0014,100.995,239.386,2.22241
11.1,199.471,750.155,5968.31,5,1733,87.0205,101.01,238.022,2.20975
11.2,200.262,748.546,5991.97,5,1746.91,87.0397,101.026,236.664,2.19714
11.3,201.048,746.946,6015.5,5,1760.79,87.0589,101.041,235.31,2.18457
11.4,201.83,745.355,6038.9,5,1774.64,87.0782,101.057,233.962,2.17205
11.5,202.608,743.773,6062.16,5,1788.47,87.0976,101.073,232.619,2.15959
11.6,203.381,742.2,6085.29,5,1802.28,87.1171,101.088,231.281,2.14717
11.7,204.149,740.637,6108.28,5,1816.06,87.1366,101.104,229.948,2.1348
11.8,204.913,739.082,6131.15,5,1829.81,87.1563,101.12,228.621,2.12247
11.9,205.673,737.536,6153.88,5,1843.53,87.1759,101.136,227.299,2.10385
12,206.428,736,6176.47,5,1857.23,87.1957,101.151,225.982,2.09798
12.1,207.179,734.472,6198.94,5,1870.89,87.2155,101.167,224.671,2.0858
12.2,207.926,732.953,6221.28,5,1884.53,87.2354,101.183,223.365,2.07368
12.3,208.668,731.443,6243.48,5,1898.13,87.2554,101.2,222.064,2.0616
12.4,209.406,729.942,6265.56,5,1911.71,87.2755,101.216,220.769,2.04957
12.5,210.139,728.449,6287.51,5,1925.25,87.2956,101.232,219.479,2.0376
12.6,210.868,726.966,6309.33,5,1938.76,87.3158,101.248,218.194,2.02567
12.7,211.593,725.491,6331.02,5,1952.24,87.336,101.264,216.915,2.01379
12.8,212.314,724.024,6352.58,5,1965.69,87.3563,101.281,215.641,2.00197
12.9,213.031,722.567,6374.02,5,1979.1,87.3767,101.297,214.372,1.9842
13,213.743,721.117,6395.33,5,1992.48,87.3972,101.314,213.109,1.97846
13.1,214.451,719.677,6416.52,5,2005.83,87.4177,101.33,211.851,1.96678
13.2,215.155,718.245,6437.58,5,2019.14,87.4383,101.347,210.599,1.95516
13.3,215.854,716.821,6458.51,5,2032.41,87.459,101.364,209.352,1.94358
13.4,216.55,715.406,6479.32,5,2045.65,87.4797,101.38,208.11,1.93205
13.5,217.241,713.999,6500.01,5,2058.86,87.5005,101.397,206.874,1.92057
13.6,217.929,712.601,6520.58,5,2072.03,87.5214,101.414,205.643,1.90915
13.7,218.612,711.211,6541.02,5,2085.16,87.5423,101.431,204.417,1.89777
13.8,219.291,709.829,6561.34,5,2098.25,87.5633,101.448,203.197,1.88644
13.9,219.966,708.456,6581.54,5,2111.31,87.5844,101.465,201.982,1.86952
14,220.637,707.09,6601.61,5,2124.33,87.6055,101.482,200.773,1.86394
14.1,221.304,705.733,6621.57,5,2137.31,87.6267,101.499,199.569,1.85276
14.2,221.967,704.384,6641.41,5,2150.25,87.6479,101.517,198.371,1.84164
14.3,222.626,703.044,6661.12,5,2163.15,87.6692,101.534,197.178,1.83056
14.4,223.281,701.711,6680.72,5,2176.02,87.6906,101.551,195.99,1.81953
14.5,223.932,700.386,6700.2,5,2188.84,87.712,101.569,194.808,1.80856
14.6,224.579,699.069,6719.57,5,2201.62,87.7335,101.586,193.631,1.79763
14.7,225.222,697.761,6738.81,5,2214.37,87.7551,101.604,192.46,1.78676
14.8,225.862,696.46,6757.94,5,2227.07,87.7767,101.621,191.294,1.77593
14.9,226.497,695.167,6776.96,5,2239.73,87.7984,101.639,190.133,1.75984
15,227.129,693.882,6795.85,5,2252.35,87.8201,101.657,188.978,1.75443
15.1,227.757,692.605,6814.64,5,2264.93,87.8419,101.674,187.828,1.74376
15.2,228.381,691.335,6833.3,5,2277.47,87.8638,101.692,186.684,1.73313
15.3,229.001,690.074,6851.86,5,2289.96,87.8857,101.71,185.545,1.72256
15.4,229.617,688.82,6870.3,5,2302.42,87.9077,101.728,184.411,1.71204
15.5,230.23,687.573,6888.63,5,2314.83,87.9297,101.746,183.283,1.70156
15.6,230.838,686.335,6906.84,5,2327.19,87.9518,101.764,182.16,1.69114
15.7,231.443,685.103,6924.95,5,2339.52,87.974,101.782,181.042,1.68076
15.8,232.045,683.88,6942.94,5,2351.8,87.9962,101.801,179.93,1.67044
15.9,232.642,682.664,6960.82,5,2364.04,88.0185,101.819,178.823,1.65516
16,233.236,681.455,6978.6,5,2376.23,88.0253,101.837,177.722,1.64994
16.1,233.827,680.254,6996.26,5,2388.38,88.0321,101.855,176.626,1.63976
16.2,234.413,784.841,5458.22,6,2400.48,88.0338,101.872,175.535,1.62963
16.3,234.895,784.078,5469.44,6,2412.55,88.0354,101.89,112.23,1.33887
16.4,235.375,783.319,5480.61,6,2422.48,88.037,101.907,111.668,1.33217
16.5,235.852,782.563,5491.72,6,2432.38,88.0387,101.924,111.109,1.32549
16.6,236.327,781.811,5502.78,6,2442.25,88.0404,101.941,110.551,1.31884
16.7,236.799,781.063,5513.78,6,2452.09,88.042,101.957,109.996,1.31222
16.8,237.269,780.319,5524.72,6,2461.91,88.0437,101.974,109.443,1.30562
16.9,237.737,779.579,5535.61,6,2471.69,88.0454,101.99,108.892,1.29668
17,238.202,778.842,5546.44,6,2481.44,88.047,102.006,108.343,1.2925
17.1,238.665,778.109,5557.22,6,2491.17,88.0487,102.021,107.796,1.28597
17.2,239.126,777.38,5567.95,6,2500.86,88.0504,102.037,107.251,1.27947
17.3,239.584,776.654,5578.62,6,2510.52,88.0521,102.052,106.708,1.273
17.4,240.04,775.932,5589.24,6,2520.15,88.0538,102.067,106.168,1.26655
17.5,240.494,775.214,5599.8,6,2529.75,88.0555,102.082,105.629,1.26012
17.6,240.945,774.499,5610.31,6,2539.32,88.0572,102.096,105.093,1.25372
17.7,241.394,773.788,5620.76,6,2548.86,88.0589,102.111,104.558,1.24734
17.8,241.841,773.081,5631.17,6,2558.37,88.0607,102.125,104.026,1.24099
17.9,242.285,772.377,5641.52,6,2567.85,88.0624,102.139,103.495,1.23242
18,242.728,771.677,5651.81,6,2577.3,88.0641,102.153,102.967,1.22837
18.1,243.168,770.98,5662.06,6,2586.72,88.0658,102.167,102.441,1.22209
18.2,243.605,770.287,5672.25,6,2596.1,88.0676,102.18,101.917,1.21584
18.3,244.041,769.598,5682.39,6,2605.46,88.0693,102.194,101.395,1.20961
18.4,244.474,768.912,5692.48,6,2614.78,88.0711,102.207,100.875,1.20341
18.5,244.905,768.229,5702.51,6,2624.07,88.0728,102.22,100.357,1.19723
18.6,245.334,767.55,5712.5,6,2633.33,88.0746,102.233,99.8416,1.19108
18.7,245.76,766.875,5722.43,6,2642.56,88.0764,102.245,99.3279,1.18495
18.8,246.185,766.203,5732.31,6,2651.76,88.0781,102.258,98.8162,1.17885
18.9,246.607,765.534,5742.14,6,2660.93,88.0799,102.27,98.3067,1.17063
19,247.027,764.869,5751.92,6,2670.06,88.0817,102.282,97.7992,1.16671
19.1,247.445,764.208,5761.65,6,2679.16,88.0835,102.294,97.2937,1.16068
19.2,247.86,763.55,5771.33,6,2688.23,88.0852,102.306,96.7904,1.15468
19.3,248.274,762.895,5780.96,6,2697.27,88.087,102.318,96.2891,1.1487
19.4,248.685,762.244,5790.54,6,2706.28,88.0888,102.329,95.7898,1.14274
19.5,249.095,761.596,5800.07,6,2715.26,88.0906,102.341,95.2926,1.13681
19.6,249.502,760.951,5809.55,6,2724.2,88.0924,102.352,94.7974,1.1309
19.7,249.907,760.31,5818.98,6,2733.11,88.0942,102.363,94.3043,1.12502
19.8,250.31,759.672,5828.36,6,2741.99,88.0961,102.374,93.8133,1.11916
19.9,250.71,759.037,5837.69,6,2750.84,88.0979,102.385,93.3242,1.1113
20,251.109,758.406,5846.97,6,2759.66,88.0997,102.396,92.8373,1.10752
20.1,251.506,757.778,5856.21,6,2768.44,88.1015,102.406,92.3523,1.10173
20.2,251.9,757.153,5865.4,6,2777.2,88.1034,102.417,91.8694,1.09597
20.3,252.293,756.532,5874.53,6,2785.92,88.1052,102.427,91.3885,1.09024
20.4,252.683,755.913,5883.63,6,2794.6,88.107,102.437,90.9097,1.08452
20.5,253.072,755.299,5892.67,6,2803.26,88.1089,102.447,90.4329,1.07884
20.6,253.458,754.687,5901.66,6,2811.88,88.1107,102.457,89.9581,1.07317
20.7,253.842,754.078,5910.61,6,2820.48,88.1126,102.467,89.4853,1.06753
20.8,254.225,753.473,5919.51,6,2829.04,88.1144,102.477,89.0146,1.06192
20.9,254.605,752.871,5928.37,6,2837.56,88.1163,102.486,88.5458,1.0544
21,254.983,752.272,5937.18,6,2846.06,88.1182,102.496,88.0791,1.05076
21.1,255.359,751.676,5945.94,6,2854.52,88.12,102.505,87.6144,1.04521
21.2,255.734,751.084,5954.65,6,2862.95,88.1219,102.515,87.1516,1.03969
21.3,256.106,750.494,5963.32,6,2871.35,88.1238,102.524,86.6909,1.0342
21.4,256.476,749.908,5971.95,6,2879.72,88.1257,102.533,86.2322,1.02872
21.5,256.845,749.324,5980.52,6,2888.05,88.1275,102.542,85.7755,1.02327
21.6,257.211,748.744,5989.06,6,2896.35,88.1294,102.55,85.3207,1.01785
21.7,257.576,748.167,5997.54,6,2904.62,88.1313,102.559,84.868,1.01245
21.8,257.938,747.593,6005.98,6,2912.86,88.1332,102.568,84.4172,1.00707
21.9,258.299,747.022,6014.38,6,2921.07,88.1351,102.576,83.9684,0.99989
22,258.657,746.454,6022.73,6,2929.24,88.137,102.585,83.5216,0.996386
22.1,259.014,745.889,6031.04,6,2937.38,88.1389,102.593,83.0768,0.991079
22.2,259.369,745.327,6039.3,6,2945.49,88.1409,102.601,82.6339,0.985796
22.3,259.722,744.768,6047.52,6,2953.57,88.1428,102.609,82.193,0.980536
22.4,260.073,744.212,6055.7,6,2961.61,88.1447,102.617,81.754,0.975299
22.5,260.422,743.66,6063.83,6,2969.63,88.1466,102.625,81.317,0.970086
22.6,260.77,743.11,6071.92,6,2977.61,88.1485,102.633,80.882,0.964896
22.7,261.115,742.562,6079.96,6,2985.56,88.1505,102.641,80.4488,0.959729
22.8,261.459,742.018,6087.97,6,2993.47,88.1524,102.649,80.0177,0.954586
22.9,261.801,741.477,6095.92,6,3001.36,88.1544,102.656,79.5885,0.947734
23,262.141,740.939,6103.84,6,3009.21,88.1563,102.664,79.1612,0.944367
23.1,262.479,740.403,6111.71,6,3017.03,88.1582,102.671,78.7358,0.939293
23.2,262.815,739.871,6119.54,6,3024.82,88.1602,102.678,78.3123,0.934241
23.3,263.15,739.341,6127.33,6,3032.58,88.1621,102.686,77.8908,0.929213
23.4,263.482,738.814,6135.08,6,3040.3,88.1641,102.693,77.4712,0.924207
23.5,263.813,738.291,6142.79,6,3047.99,88.1661,102.7,77.0535,0.919224
23.6,264.143,737.769,6150.45,6,3055.65,88.168,102.707,76.6377,0.914264
23.7,264.47,737.251,6158.07,6,3063.28,88.17,102.714,76.2238,0.909326
23.8,264.795,736.736,6165.65,6,3070.88,88.172,102.721,75.8118,0.904411
23.9,265.119,736.223,6173.19,6,3078.45,88.1739,102.728,75.4017,0.897878
24,265.441,735.713,6180.69,6,3085.98,88.1759,102.734,74.9935,0.894649
24.1,265.762,735.206,6188.15,6,3093.48,88.1779,102.741,74.5872,0.889801
24.2,266.08,734.701,6195.57,6,3100.95,88.1799,102.748,74.1827,0.884976
24.3,266.397,734.2,6202.95,6,3108.39,88.1819,102.754,73.7801,0.880173
24.4,266.712,733.701,6210.29,6,3115.8,88.1839,102.761,73.3794,0.875393
24.5,267.026,733.204,6217.58,6,3123.18,88.1859,102.767,72.9805,0.870635
24.6,267.337,732.711,6224.84,6,3130.52,88.1878,102.773,72.5835,0.865898
24.7,267.647,732.22,6232.06,6,3137.84,88.1899,102.779,72.1884,0.861184
24.8,267.956,731.732,6239.24,6,3145.12,88.1919,102.786,71.7951,0.856492
24.9,268.262,731.246,6246.38,6,3152.37,88.1939,102.792,71.4036,0.850269
25,268.567,730.763,6253.48,6,3159.59,88.1959,102.798,71.014,0.847174
25.1,268.871,730.283,6260.55,6,3166.78,88.1979,102.804,70.6262,0.842548
25.2,269.172,729.805,6267.57,6,3173.93,88.1999,102.81,70.2402,0.837944
25.3,269.472,729.33,6274.56,6,3181.06,88.2019,102.816,69.8561,0.833361
25.4,269.771,728.858,6281.5,6,3188.15,88.2039,102.821,69.4738,0.8288
25.5,270.068,728.388,6288.41,6,3195.22,88.206,102.827,69.0932,0.82426
25.6,270.363,727.921,6295.28,6,3202.25,88.208,102.833,68.7145,0.819743
25.7,270.656,727.456,6302.12,6,3209.25,88.21,102.839,68.3376,0.815246
25.8,270.948,726.994,6308.91,6,3216.22,88.2121,102.844,67.9625,0.810771
25.9,271.238,726.534,6315.67,6,3223.16,88.2141,102.85,67.5892,0.804847
26,271.527,726.077,6322.39,6,3230.07,88.2161,102.855,67.2176,0.801885
26.1,271.814,725.623,6329.08,6,3236.95,88.2182,102.861,66.8479,0.797474
26.2,272.1,725.171,6335.73,6,3243.8,88.2202,102.866,66.4799,0.793084
26.3,272.383,724.721,6342.34,6,3250.62,88.2223,102.871,66.1137,0.788715
26.4,272.666,724.274,6348.91,6,3257.41,88.2243,102.877,65.7492,0.784367
26.5,272.947,723.829,6355.45,6,3264.17,88.2264,102.882,65.3865,0.78004
26.6,273.226,723.387,6361.95,6,3270.89,88.2284,102.887,65.0255,0.775734
26.7,273.504,722.947,6368.42,6,3277.59,88.2305,102.892,64.6663,0.771449
26.8,273.78,722.51,6374.85,6,3284.26,88.2326,102.897,64.3089,0.767184
26.9,274.055,722.075,6381.25,6,3290.89,88.2346,102.903,63.9531,0.76155
27,274.328,721.643,6387.61,6,3297.5,88.2367,102.908,63.5991,0.758717
27.1,274.599,721.213,6393.93,6,3304.07,88.2388,102.912,63.2469,0.754515
27.2,274.869,720.785,6400.22,6,3310.62,88.2409,102.917,62.8963,0.750333
27.3,275.138,720.36,6406.48,6,3317.14,88.2429,102.922,62.5474,0.746171
27.4,275.405,719.937,6412.7,6,3323.62,88.245,102.927,62.2003,0.74203
27.5,275.671,719.516,6418.88,6,3330.08,88.2471,102.932,61.8549,0.737909
27.6,275.935,719.098,6425.03,6,3336.51,88.2492,102.937,61.5111,0.733808
27.7,276.198,718.682,6431.15,6,3342.91,88.2513,102.941,61.1691,0.729727
27.8,276.459,718.268,6437.23,6,3349.27,88.2534,102.946,60.8287,0.725667
27.9,276.719,717.857,6443.28,6,3355.61,88.2554,102.951,60.49,0.720311
28,276.977,717.448,6449.3,6,3361.92,88.2575,102.955,60.153,0.717606
28.1,277.234,717.041,6455.28,6,3368.2,88.2596,102.96,59.8176,0.713605
28.2,277.489,716.637,6461.23,6,3374.45,88.2617,102.964,59.4839,0.709624
28.3,277.743,716.234,6467.14,6,3380.67,88.2638,102.969,59.1519,0.705663
28.4,277.996,715.834,6473.02,6,3386.87,88.266,102.973,58.8215,0.701722
28.5,278.247,715.437,6478.87,6,3393.03,88.2681,102.978,58.4927,0.6978
28.6,278.497,715.041,6484.69,6,3399.17,88.2702,102.982,58.1656,0.693897
28.7,278.745,714.648,6490.47,6,3405.27,88.2723,102.987,57.8401,0.690015
28.8,278.992,714.257,6496.23,6,3411.35,88.2744,102.991,57.5163,0.686151
28.9,279.238,713.868,6501.95,6,3417.4,88.2765,102.995,57.1941,0.681063
29,279.482,713.481,6507.63,6,3423.42,88.2786,102.999,56.8734,0.678482
29.1,279.725,713.096,6513.29,6,3429.41,88.2808,103.004,56.5544,0.674676
29.2,279.967,712.714,6518.91,6,3435.37,88.2829,103.008,56.237,0.67089
29.3,280.207,712.334,6524.5,6,3441.31,88.285,103.012,55.9212,0.667122
29.4,280.446,711.956,6530.06,6,3447.21,88.2871,103.016,55.607,0.663374
29.5,280.683,711.58,6535.59,6,3453.09,88.2893,103.02,55.2944,0.659644
29.6,280.919,711.206,6541.09,6,3458.94,88.2914,103.024,54.9833,0.655933
29.7,281.154,710.834,6546.56,6,3464.77,88.2935,103.028,54.6738,0.652241
29.8,281.388,710.464,6552,6,3470.56,88.2957,103.032,54.3659,0.648568
29.9,281.62,710.097,6557.4,6,3476.33,88.2978,103.036,54.0596,0.643738
30,281.851,709.731,6562.78,6,3482.07,88.3,103.04,53.7548,0.641277
30.1,282.08,709.368,6568.12,6,3487.78,88.3021,103.044,53.4515,0.63766
30.2,282.308,709.006,6573.44,6,3493.46,88.3042,103.048,53.1498,0.63406
30.3,282.535,708.647,6578.72,6,3499.12,88.3064,103.052,52.8497,0.63048
30.4,282.761,708.29,6583.98,6,3504.75,88.3085,103.056,52.551,0.626917
30.5,282.986,707.934,6589.2,6,3510.35,88.3107,103.06,52.2539,0.623373
30.6,283.209,707.581,6594.4,6,3515.92,88.3129,103.063,51.9583,0.619846
30.7,283.431,707.23,6599.57,6,3521.47,88.315,103.067,51.6643,0.616338
30.8,283.651,706.88,6604.7,6,3526.99,88.3172,103.071,51.3717,0.612848
30.9,283.871,706.533,6609.81,6,3532.48,88.3193,103.075,51.0806,0.608265
31,284.089,706.188,6614.89,6,3537.95,88.3215,103.078,50.7911,0.605921
31.1,284.306,705.844,6619.94,6,3543.39,88.3237,103.082,50.503,0.602485
31.2,284.521,705.503,6624.96,6,3548.8,88.3258,103.086,50.2164,0.599066
31.3,284.736,705.163,6629.95,6,3554.19,88.328,103.089,49.9313,0.595665
31.4,284.949,704.825,6634.92,6,3559.55,88.3302,103.093,49.6477,0.592281
31.5,285.161,704.49,6639.86,6,3564.88,88.3323,103.097,49.3655,0.588915
31.6,285.372,704.156,6644.76,6,3570.19,88.3345,103.1,49.0848,0.585566
31.7,285.581,703.824,6649.65,6,3575.47,88.3367,103.104,48.8055,0.582235
31.8,285.79,703.494,6654.5,6,3580.72,88.3389,103.107,48.5277,0.578921
31.9,285.997,703.166,6659.32,6,3585.95,88.341,103.111,48.2514,0.574574
32,286.203,702.84,6664.12,6,3591.15,88.3432,103.114,47.9765,0.572344
32.1,286.408,702.515,6668.89,6,3596.33,88.3454,103.118,47.703,0.569081
32.2,286.612,702.193,6673.63,6,3601.48,88.3476,103.121,47.4309,0.565836
32.3,286.814,701.872,6678.35,6,3606.6,88.3498,103.125,47.1603,0.562607
32.4,287.016,701.553,6683.04,6,3611.7,88.352,103.128,46.8911,0.559395
32.5,287.216,701.236,6687.7,6,3616.77,88.3542,103.131,46.6232,0.5562
32.6,287.415,700.921,6692.34,6,3621.82,88.3564,103.135,46.3568,0.553022
32.7,287.613,700.608,6696.95,6,3626.85,88.3585,103.138,46.0918,0.549861
32.8,287.81,700.296,6701.53,6,3631.84,88.3607,103.141,45.8282,0.546716
32.9,288.005,699.986,6706.09,6,3636.82,88.3629,103.145,45.5659,0.542596
33,288.2,699.678,6710.62,6,3641.76,88.3651,103.148,45.3051,0.540475
33.1,288.393,699.372,6715.12,6,3646.68,88.3673,103.151,45.0456,0.537379
33.2,288.586,699.067,6719.6,6,3651.58,88.3696,103.155,44.7875,0.5343
33.3,288.777,698.764,6724.05,6,3656.45,88.3718,103.158,44.5307,0.531237
33.4,288.967,698.463,6728.48,6,3661.3,88.374,103.161,44.2753,0.52819
33.5,289.156,698.164,6732.88,6,3666.13,88.3762,103.164,44.0212,0.525159
33.6,289.344,697.866,6737.26,6,3670.92,88.3784,103.168,43.7685,0.522145
33.7,289.531,697.57,6741.61,6,3675.7,88.3806,103.171,43.5172,0.519146
33.8,289.717,697.276,6745.94,6,3680.45,88.3828,103.174,43.2671,0.516163
33.9,289.902,696.984,6750.24,6,3685.17,88.385,103.177,43.0184,0.51226
34,290.085,696.693,6754.52,6,3689.88,88.3872,103.18,42.771,0.510245
34.1,290.268,696.404,6758.77,6,3694.55,88.3895,103.183,42.525,0.507309
34.2,290.449,696.116,6763,6,3699.21,88.3917,103.186,42.2802,0.504389
34.3,290.63,695.83,6767.2,6,3703.84,88.3939,103.19,42.0368,0.501485
34.4,290.809,695.546,6771.38,6,3708.44,88.3961,103.193,41.7946,0.498596
34.5,290.988,695.264,6775.54,6,3713.02,88.3983,103.196,41.5537,0.495723
34.6,291.165,694.983,6779.67,6,3717.58,88.4006,103.199,41.3142,0.492865
34.7,291.342,694.703,6783.77,6,3722.12,88.4028,103.202,41.0759,0.490022
34.8,291.517,694.426,6787.86,6,3726.63,88.405,103.205,40.8388,0.487194
34.9,291.692,694.15,6791.92,6,3731.12,88.4072,103.208,40.6031,0.483499
35,291.865,693.875,6795.96,6,3735.58,88.4095,103.211,40.3686,0.481585
35.1,292.037,693.602,6799.97,6,3740.02,88.4117,103.214,40.1354,0.478802
35.2,292.209,693.331,6803.96,6,3744.44,88.4139,103.217,39.9034,0.476035
35.3,292.379,693.061,6807.93,6,3748.84,88.4162,103.22,39.6727,0.473283
35.4,292.548,692.793,6811.87,6,3753.21,88.4184,103.223,39.4432,0.470545
35.5,292.717,692.526,6815.79,6,3757.56,88.4206,103.226,39.215,0.467822
35.6,292.884,692.261,6819.69,6,3761.89,88.4229,103.229,38.9879,0.465114
35.7,293.051,691.997,6823.57,6,3766.2,88.4251,103.232,38.7622,0.46242
35.8,293.216,691.735,6827.42,6,3770.48,88.4274,103.235,38.5376,0.459741
35.9,293.381,691.475,6831.25,6,3774.74,88.4296,103.238,38.3142,0.456243
36,293.544,691.216,6835.06,6,3778.98,88.4319,103.241,38.0921,0.454426
36.1,293.707,690.958,6838.85,6,3783.19,88.4341,103.244,37.8711,0.451791
36.2,293.869,690.702,6842.61,6,3787.39,88.4364,103.246,37.6514,0.449169
36.3,294.03,690.448,6846.36,6,3791.56,88.4386,103.249,37.4328,0.446562
36.4,294.189,690.195,6850.08,6,3795.71,88.4409,103.252,37.2155,0.443969
36.5,294.348,689.943,6853.78,6,3799.83,88.4431,103.255,36.9993,0.44139
36.6,294.506,689.693,6857.46,6,3803.94,88.4454,103.258,36.7843,0.438825
36.7,294.663,689.444,6861.11,6,3808.02,88.4476,103.261,36.5704,0.436274
36.8,294.819,689.197,6864.75,6,3812.09,88.4499,103.264,36.3578,0.433737
36.9,294.975,688.951,6868.36,6,3816.13,88.4521,103.266,36.1463,0.430427
37,295.129,688.707,6871.96,6,3820.15,88.4544,103.269,35.9359,0.428704
37.1,295.282,688.464,6875.53,6,3824.15,88.4566,103.272,35.7267,0.426208
37.2,295.435,688.222,6879.08,6,3828.12,88.4589,103.275,35.5186,0.423726
37.3,295.587,687.982,6882.61,6,3832.08,88.4612,103.278,35.3117,0.421257
37.4,295.737,687.744,6886.12,6,3836.01,88.4634,103.28,35.1059,0.418802
37.5,295.887,687.506,6889.61,6,3839.93,88.4657,103.283,34.9012,0.416361
37.6,296.036,687.27,6893.08,6,3843.82,88.468,103.286,34.6977,0.413932
37.7,296.184,687.036,6896.53,6,3847.69,88.4702,103.289,34.4953,0.411517
37.8,296.332,686.802,6899.96,6,3851.55,88.4725,103.291,34.2939,0.409116
37.9,296.478,686.571,6903.37,6,3855.38,88.4747,103.294,34.0937,0.405986
38,296.624,686.34,6906.76,6,3859.19,88.477,103.297,33.8946,0.404352
38.1,296.768,686.111,6910.13,6,3862.98,88.4793,103.3,33.6966,0.40199
38.2,296.912,685.883,6913.48,6,3866.75,88.4816,103.302,33.4997,0.399641
38.3,297.055,685.657,6916.81,6,3870.5,88.4838,103.305,33.3038,0.397304
38.4,297.198,685.432,6920.12,6,3874.23,88.4861,103.308,33.1091,0.394981
38.5,297.339,685.208,6923.41,6,3877.94,88.4884,103.311,32.9154,0.39267
38.6,297.479,684.985,6926.69,6,3881.63,88.4907,103.313,32.7228,0.390372
38.7,297.619,684.764,6929.94,6,3885.3,88.4929,103.316,32.5312,0.388087
38.8,297.758,684.544,6933.17,6,3888.95,88.4952,103.319,32.3407,0.385815
38.9,297.896,684.326,6936.39,6,3892.58,88.4975,103.321,32.1513,0.382856
39,298.033,684.108,6939.59,6,3896.19,88.4998,103.324,31.9629,0.381307
39.1,298.17,683.892,6942.76,6,3899.78,88.502,103.327,31.7756,0.379073
39.2,298.306,683.677,6945.92,6,3903.36,88.5043,103.329,31.5893,0.37685
39.3,298.44,683.464,6949.06,6,3906.91,88.5066,103.332,31.404,0.37464
39.4,298.574,683.251,6952.18,6,3910.44,88.5089,103.335,31.2198,0.372442
39.5,298.708,683.04,6955.29,6,3913.96,88.5112,103.337,31.0366,0.370256
39.6,298.84,682.831,6958.37,6,3917.45,88.5135,103.34,30.8544,0.368083
39.7,298.972,682.622,6961.44,6,3920.93,88.5157,103.343,30.6732,0.365921
39.8,299.103,682.415,6964.49,6,3924.39,88.518,103.345,30.493,0.363772
39.9,299.233,682.209,6967.52,6,3927.82,88.5203,103.348,30.3138,0.360975
40,299.363,682.004,6970.54,6,3931.24,88.5226,103.35,30.1357,0.359509
40.1,299.491,681.8,6973.53,6,3934.65,88.5249,103.353,29.9585,0.357395
40.2,299.619,681.597,6976.51,6,3938.03,88.5272,103.356,29.7823,0.355293
40.3,299.746,681.396,6979.47,6,3941.39,88.5295,103.358,29.6071,0.353203
40.4,299.873,681.196,6982.41,6,3944.74,88.5318,103.361,29.4329,0.351125
40.5,299.998,680.997,6985.34,6,3948.07,88.5341,103.364,29.2596,0.349058
40.6,300.123,680.799,6988.25,6,3951.38,88.5363,103.366,29.0873,0.347003
40.7,300.247,680.603,6991.14,6,3954.67,88.5386,103.369,28.916,0.344959
40.8,300.371,680.407,6994.01,6,3957.94,88.5409,103.371,28.7457,0.342927
40.9,300.494,680.213,6996.87,6,3961.2,88.5432,103.374,28.5763,0.340284
41,300.616,680.02,6999.71,6,3964.43,88.5455,103.376,28.4078,0.338896
41.1,300.737,756.491,5875.13,7,3967.65,88.544,103.379,28.2403,0.336898
41.2,300.806,756.4,5876.47,7,3970.86,88.5425,103.381,13.4011,0.19055
41.3,300.874,756.31,5877.8,7,3972.67,88.5411,103.384,13.3293,0.189529
41.4,300.942,756.219,5879.13,7,3974.47,88.5396,103.386,13.2579,0.188513
41.5,301.009,756.13,5880.45,7,3976.26,88.5381,103.388,13.1868,0.187502
41.6,301.076,756.04,5881.76,7,3978.05,88.5366,103.391,13.1161,0.186497
41.7,301.143,755.952,5883.06,7,3979.82,88.5351,103.393,13.0457,0.185496
41.8,301.209,755.864,5884.36,7,3981.59,88.5336,103.395,12.9758,0.184501
41.9,301.276,755.776,5885.65,7,3983.34,88.5321,103.397,12.9061,0.183276
42,301.341,755.688,5886.93,7,3985.09,88.5306,103.399,12.8369,0.182527
42.1,301.407,755.602,5888.21,7,3986.83,88.5291,103.401,12.768,0.181547
42.2,301.472,755.515,5889.48,7,3988.56,88.5277,103.403,12.6995,0.180573
42.3,301.536,755.429,5890.74,7,3990.28,88.5262,103.405,12.6313,0.179603
42.4,301.601,755.344,5892,7,3991.99,88.5247,103.406,12.5635,0.178639
42.5,301.665,755.259,5893.25,7,3993.7,88.5232,103.408,12.496,0.17768
42.6,301.728,755.175,5894.49,7,3995.39,88.5217,103.41,12.4289,0.176725
42.7,301.791,755.09,5895.73,7,3997.08,88.5202,103.412,12.3621,0.175776
42.8,301.854,755.007,5896.96,7,3998.75,88.5187,103.413,12.2957,0.174832
42.9,301.917,754.924,5898.18,7,4000.42,88.5173,103.415,12.2296,0.173669
43,301.979,754.841,5899.4,7,4002.08,88.5158,103.416,12.1639,0.172958
43.1,302.041,754.759,5900.61,7,4003.73,88.5143,103.418,12.0985,0.172028
43.2,302.103,754.677,5901.81,7,4005.37,88.5128,103.419,12.0335,0.171103
43.3,302.164,754.595,5903.01,7,4007.01,88.5113,103.421,11.9688,0.170183
43.4,302.225,754.515,5904.2,7,4008.63,88.5098,103.422,11.9044,0.169268
43.5,302.286,754.434,5905.38,7,4010.25,88.5084,103.423,11.8404,0.168357
43.6,302.346,754.354,5906.56,7,4011.86,88.5069,103.424,11.7767,0.167452
43.7,302.406,754.274,5907.73,7,4013.46,88.5054,103.426,11.7133,0.166551
43.8,302.465,754.195,5908.9,7,4015.05,88.5039,103.427,11.6503,0.165654
43.9,302.525,754.116,5910.06,7,4016.63,88.5024,103.428,11.5876,0.164551
44,302.584,754.038,5911.21,7,4018.21,88.501,103.429,11.5252,0.163876
44.1,302.642,753.96,5912.35,7,4019.78,88.4995,103.43,11.4631,0.162994
44.2,302.701,753.882,5913.49,7,4021.34,88.498,103.431,11.4014,0.162116
44.3,302.759,753.805,5914.63,7,4022.89,88.4965,103.432,11.34,0.161243
44.4,302.817,753.729,5915.76,7,4024.43,88.495,103.433,11.279,0.160375
44.5,302.874,753.652,5916.88,7,4025.96,88.4936,103.434,11.2182,0.159511
44.6,302.931,753.576,5917.99,7,4027.49,88.4921,103.435,11.1578,0.158651
44.7,302.988,753.501,5919.1,7,4029.01,88.4906,103.436,11.0976,0.157796
44.8,303.044,753.426,5920.21,7,4030.52,88.4891,103.436,11.0378,0.156946
44.9,303.101,753.351,5921.3,7,4032.03,88.4876,103.437,10.9783,0.1559
45,303.157,753.277,5922.4,7,4033.52,88.4862,103.438,10.9192,0.155259
45.1,303.212,753.203,5923.48,7,4035.01,88.4847,103.439,10.8603,0.154422
45.2,303.267,753.13,5924.56,7,4036.49,88.4832,103.439,10.8017,0.153589
45.3,303.322,753.057,5925.64,7,4037.96,88.4817,103.44,10.7435,0.152761
45.4,303.377,752.984,5926.71,7,4039.43,88.4803,103.441,10.6855,0.151937
45.5,303.432,752.912,5927.77,7,4040.88,88.4788,103.441,10.6279,0.151117
45.6,303.486,752.84,5928.83,7,4042.33,88.4773,103.442,10.5705,0.150302
45.7,303.539,752.768,5929.88,7,4043.77,88.4758,103.442,10.5135,0.149491
45.8,303.593,752.697,5930.92,7,4045.21,88.4744,103.443,10.4568,0.148684
45.9,303.646,752.627,5931.96,7,4046.63,88.4729,103.443,10.4003,0.147692
46,303.699,752.556,5933,7,4048.05,88.4714,103.444,10.3442,0.147083
46.1,303.752,752.486,5934.03,7,4049.47,88.4699,103.444,10.2883,0.146289
46.2,303.804,752.417,5935.05,7,4050.87,88.4685,103.444,10.2328,0.145499
46.3,303.856,752.347,5936.07,7,4052.27,88.467,103.445,10.1775,0.144714
46.4,303.908,752.279,5937.08,7,4053.66,88.4655,103.445,10.1226,0.143932
46.5,303.96,752.21,5938.09,7,4055.04,88.4641,103.445,10.0679,0.143155
46.6,304.011,752.142,5939.09,7,4056.42,88.4626,103.446,10.0135,0.142381
46.7,304.062,752.074,5940.08,7,4057.78,88.4611,103.446,9.9594,0.141612
46.8,304.113,752.007,5941.07,7,4059.15,88.4597,103.446,9.90558,0.140847
46.9,304.163,751.94,5942.06,7,4060.5,88.4582,103.446,9.85205,0.139906
47,304.213,751.873,5943.04,7,4061.85,88.4567,103.446,9.7988,0.139328
47.1,304.263,751.807,5944.01,7,4063.19,88.4553,103.446,9.74583,0.138575
47.2,304.313,751.741,5944.98,7,4064.52,88.4538,103.447,9.69314,0.137826
47.3,304.362,751.676,5945.95,7,4065.84,88.4523,103.447,9.64073,0.137081
47.4,304.411,751.61,5946.91,7,4067.16,88.4509,103.447,9.58859,0.13634
47.5,304.46,751.546,5947.86,7,4068.47,88.4494,103.447,9.53673,0.135602
47.6,304.508,751.481,5948.81,7,4069.78,88.4479,103.447,9.48515,0.134869
47.7,304.557,751.417,5949.75,7,4071.08,88.4464,103.447,9.43383,0.134139
47.8,304.605,751.353,5950.69,7,4072.37,88.445,103.447,9.38279,0.133413
47.9,304.653,751.29,5951.62,7,4073.65,88.4435,103.447,9.33202,0.132521
48,304.7,751.227,5952.55,7,4074.93,88.4421,103.447,9.28152,0.131973
48.1,304.747,751.164,5953.47,7,4076.2,88.4406,103.447,9.23129,0.131259
48.2,304.794,751.101,5954.39,7,4077.47,88.4391,103.446,9.18132,0.130548
48.3,304.841,751.039,5955.31,7,4078.72,88.4377,103.446,9.13161,0.129842
48.4,304.888,750.977,5956.21,7,4079.98,88.4362,103.446,9.08217,0.129139
48.5,304.934,750.916,5957.12,7,4081.22,88.4347,103.446,9.03299,0.128439
48.6,304.98,750.855,5958.02,7,4082.46,88.4333,103.446,8.98407,0.127744
48.7,305.026,750.794,5958.91,7,4083.69,88.4318,103.446,8.93541,0.127052
48.8,305.071,750.734,5959.8,7,4084.91,88.4303,103.445,8.88701,0.126364
48.9,305.116,750.674,5960.68,7,4086.13,88.4289,103.445,8.83887,0.125518
49,305.161,750.614,5961.56,7,4087.35,88.4274,103.445,8.79098,0.124998
49.1,305.206,750.554,5962.44,7,4088.55,88.426,103.445,8.74334,0.124321
49.2,305.251,750.495,5963.3,7,4089.75,88.4245,103.444,8.69596,0.123647
49.3,305.295,750.436,5964.17,7,4090.94,88.423,103.444,8.64883,0.122977
49.4,305.339,750.378,5965.03,7,4092.13,88.4216,103.444,8.60195,0.122311
49.5,305.383,750.32,5965.89,7,4093.31,88.4201,103.443,8.55532,0.121648
49.6,305.426,750.262,5966.74,7,4094.48,88.4187,103.443,8.50894,0.120988
49.7,305.469,750.204,5967.58,7,4095.65,88.4172,103.442,8.4628,0.120332
49.8,305.513,750.147,5968.42,7,4096.81,88.4158,103.442,8.41691,0.119679
49.9,305.555,750.09,5969.26,7,4097.97,88.4143,103.442,8.37126,0.118878
50,305.598,750.034,5970.09,7,4099.12,88.4128,103.441,8.32585,0.118385
50.1,305.64,749.977,5970.92,7,4100.26,88.4114,103.441,8.28069,0.117743
50.2,305.683,749.921,5971.75,7,4101.4,88.4099,103.44,8.23577,0.117104
50.3,305.725,749.866,5972.56,7,4102.53,88.4085,103.44,8.19108,0.116468
50.4,305.766,749.81,5973.38,7,4103.66,88.407,103.439,8.14663,0.115836
50.5,305.808,749.755,5974.19,7,4104.78,88.4056,103.439,8.10242,0.115208
50.6,305.849,749.7,5975,7,4105.89,88.4041,103.438,8.05845,0.114583
50.7,305.89,749.646,5975.8,7,4107,88.4026,103.438,8.01471,0.113961
50.8,305.931,749.592,5976.59,7,4108.1,88.4012,103.437,7.9712,0.113342
50.9,305.971,749.538,5977.39,7,4109.2,88.3997,103.437,7.92792,0.112582
51,306.012,749.484,5978.18,7,4110.29,88.3983,103.436,7.88488,0.112115
51.1,306.052,749.431,5978.96,7,4111.37,88.3968,103.436,7.84206,0.111506
51.2,306.092,749.378,5979.74,7,4112.45,88.3954,103.435,7.79947,0.1109
51.3,306.131,749.325,5980.52,7,4113.52,88.3939,103.434,7.75711,0.110298
51.4,306.171,749.273,5981.29,7,4114.59,88.3925,103.434,7.71498,0.109699
51.5,306.21,749.22,5982.05,7,4115.65,88.391,103.433,7.67307,0.109103
51.6,306.249,749.168,5982.82,7,4116.71,88.3896,103.432,7.63138,0.10851
51.7,306.288,749.117,5983.58,7,4117.76,88.3881,103.432,7.58991,0.10792
51.8,306.327,749.066,5984.33,7,4118.8,88.3867,103.431,7.54867,0.107334
51.9,306.365,749.014,5985.08,7,4119.84,88.3852,103.43,7.50765,0.106614
52,306.403,748.964,5985.83,7,4120.88,88.3838,103.43,7.46684,0.106171
52.1,306.441,748.913,5986.57,7,4121.91,88.3823,103.429,7.42626,0.105593
52.2,306.479,748.863,5987.31,7,4122.93,88.3809,103.428,7.38589,0.105019
52.3,306.517,748.813,5988.04,7,4123.95,88.3794,103.427,7.34574,0.104449
52.4,306.554,748.763,5988.77,7,4124.96,88.378,103.427,7.3058,0.103881
52.5,306.591,748.714,5989.5,7,4125.96,88.3765,103.426,7.26607,0.103316
52.6,306.628,748.665,5990.22,7,4126.97,88.3751,103.425,7.22656,0.102754
52.7,306.665,748.616,5990.94,7,4127.96,88.3736,103.424,7.18726,0.102195
52.8,306.702,748.567,5991.66,7,4128.95,88.3722,103.424,7.14816,0.101639
52.9,306.738,748.519,5992.37,7,4129.94,88.3708,103.423,7.10928,0.100957
53,306.774,748.471,5993.08,7,4130.92,88.3693,103.422,7.07061,0.100536
53.1,306.81,748.423,5993.78,7,4131.89,88.3679,103.421,7.03214,0.0999895
53.2,306.846,748.375,5994.48,7,4132.86,88.3664,103.42,6.99388,0.0994454
53.3,306.882,748.328,5995.17,7,4133.83,88.365,103.42,6.95582,0.0989043
53.4,306.917,748.281,5995.87,7,4134.79,88.3635,103.419,6.91797,0.0983661
53.5,306.952,748.234,5996.55,7,4135.74,88.3621,103.418,6.88031,0.0978307
53.6,306.987,748.188,5997.24,7,4136.69,88.3607,103.417,6.84287,0.0972982
53.7,307.022,748.142,5997.92,7,4137.63,88.3592,103.416,6.80562,0.0967686
53.8,307.057,748.096,5998.6,7,4138.57,88.3578,103.415,6.76857,0.0962418
53.9,307.091,748.05,5999.27,7,4139.51,88.3563,103.414,6.73172,0.095595
54,307.126,748.004,5999.94,7,4140.44,88.3549,103.414,6.69506,0.0951966
54.1,307.16,747.959,6000.6,7,4141.36,88.3534,103.413,6.65861,0.0946783
54.2,307.194,747.914,6001.27,7,4142.28,88.352,103.412,6.62235,0.0941627
54.3,307.227,747.869,6001.92,7,4143.19,88.3506,103.411,6.58628,0.0936498
54.4,307.261,747.825,6002.58,7,4144.1,88.3491,103.41,6.55041,0.0931398
54.5,307.294,747.78,6003.23,7,4145.01,88.3477,103.409,6.51472,0.0926324
54.6,307.327,747.736,6003.88,7,4145.91,88.3462,103.408,6.47923,0.0921278
54.7,307.36,747.692,6004.52,7,4146.8,88.3448,103.407,6.44394,0.0916259
54.8,307.393,747.649,6005.16,7,4147.69,88.3434,103.406,6.40883,0.0911266
54.9,307.426,747.605,6005.8,7,4148.58,88.3419,103.405,6.3739,0.0905138
55,307.458,747.562,6006.44,7,4149.46,88.3405,103.404,6.33917,0.0901362
55.1,307.491,747.52,6007.07,7,4150.33,88.3391,103.403,6.30462,0.089645
55.2,307.523,747.477,6007.69,7,4151.21,88.3376,103.402,6.27026,0.0891564
55.3,307.555,747.434,6008.32,7,4152.07,88.3362,103.401,6.23608,0.0886704
55.4,307.586,747.392,6008.94,7,4152.93,88.3347,103.4,6.20209,0.0881871
55.5,307.618,747.35,6009.55,7,4153.79,88.3333,103.399,6.16828,0.0877063
55.6,307.649,747.309,6010.17,7,4154.65,88.3319,103.398,6.13465,0.0872281
55.7,307.681,747.267,6010.78,7,4155.49,88.3304,103.397,6.1012,0.0867525
55.8,307.712,747.226,6011.38,7,4156.34,88.329,103.396,6.06793,0.0862795
55.9,307.743,747.185,6011.99,7,4157.18,88.3276,103.395,6.03484,0.0856989
56,307.773,747.144,6012.59,7,4158.01,88.3261,103.394,6.00193,0.085341
56.1,307.804,747.103,6013.18,7,4158.84,88.3247,103.393,5.96919,0.0848755
56.2,307.834,747.063,6013.78,7,4159.67,88.3233,103.392,5.93663,0.0844126
56.3,307.864,747.023,6014.37,7,4160.49,88.3218,103.391,5.90425,0.0839521
56.4,307.894,746.983,6014.96,7,4161.31,88.3204,103.39,5.87204,0.0834941
56.5,307.924,746.943,6015.54,7,4162.12,88.319,103.389,5.84,0.0830386
56.6,307.954,746.904,6016.12,7,4162.93,88.3176,103.388,5.80814,0.0825855
56.7,307.984,746.865,6016.7,7,4163.73,88.3161,103.387,5.77645,0.0821349
56.8,308.013,746.825,6017.27,7,4164.53,88.3147,103.386,5.74493,0.0816867
56.9,308.042,746.787,6017.84,7,4165.33,88.3133,103.385,5.71357,0.0811366
57,308.071,746.748,6018.41,7,4166.12,88.3118,103.383,5.68239,0.0807975
57.1,308.1,746.71,6018.98,7,4166.9,88.3104,103.382,5.65137,0.0803565
57.2,308.129,746.671,6019.54,7,4167.69,88.309,103.381,5.62053,0.0799179
57.3,308.158,746.633,6020.1,7,4168.46,88.3075,103.38,5.58984,0.0794816
57.4,308.186,746.595,6020.65,7,4169.24,88.3061,103.379,5.55933,0.0790477
57.5,308.214,746.558,6021.21,7,4170.01,88.3047,103.378,5.52897,0.0786161
57.6,308.243,746.52,6021.76,7,4170.77,88.3033,103.377,5.49879,0.0781869
57.7,308.271,746.483,6022.3,7,4171.54,88.3018,103.376,5.46876,0.0777599
57.8,308.298,746.446,6022.85,7,4172.29,88.3004,103.375,5.4389,0.0773353
57.9,308.326,746.41,6023.39,7,4173.05,88.299,103.373,5.40919,0.0768142
58,308.354,746.373,6023.93,7,4173.8,88.2976,103.372,5.37965,0.0764929
58.1,308.381,746.337,6024.46,7,4174.54,88.2961,103.371,5.35027,0.0760751
58.2,308.408,746.3,6024.99,7,4175.28,88.2947,103.37,5.32104,0.0756595
58.3,308.435,746.264,6025.52,7,4176.02,88.2933,103.369,5.29197,0.0752462
58.4,308.462,746.229,6026.05,7,4176.76,88.2919,103.368,5.26306,0.0748351
58.5,308.489,746.193,6026.57,7,4177.49,88.2904,103.367,5.23431,0.0744263
58.6,308.516,746.158,6027.09,7,4178.21,88.289,103.365,5.20571,0.0740196
58.7,308.542,746.122,6027.61,7,4178.93,88.2876,103.364,5.17726,0.0736152
58.8,308.569,746.087,6028.13,7,4179.65,88.2862,103.363,5.14897,0.0732129
58.9,308.595,746.053,6028.64,7,4180.36,88.2848,103.362,5.12083,0.0727193
59,308.621,746.018,6029.15,7,4181.08,88.2833,103.361,5.09285,0.0724148
59.1,308.647,745.984,6029.65,7,4181.78,88.2819,103.359,5.06501,0.072019
59.2,308.673,745.949,6030.16,7,4182.48,88.2805,103.358,5.03733,0.0716254
59.3,308.698,745.915,6030.66,7,4183.18,88.2791,103.357,5.00979,0.0712339
59.4,308.724,745.881,6031.16,7,4183.88,88.2777,103.356,4.9824,0.0708444
59.5,308.749,745.848,6031.65,7,4184.57,88.2762,103.355,4.95516,0.0704571
59.6,308.774,745.814,6032.15,7,4185.26,88.2748,103.354,4.92807,0.0700719
59.7,308.799,745.781,6032.64,7,4185.94,88.2734,103.352,4.90113,0.0696888
59.8,308.824,745.748,6033.12,7,4186.62,88.272,103.351,4.87433,0.0693077
59.9,308.849,745.715,6033.61,7,4187.3,88.2706,103.35,4.84767,0.0688403
60,308.874,745.682,6034.09,7,4187.97,88.2692,103.349,4.82116,0.0685518
60.1,308.898,745.649,6034.57,7,4188.64,88.2677,103.347,4.79479,0.0681769
60.2,308.923,745.617,6035.05,7,4189.31,88.2663,103.346,4.76857,0.067804
60.3,308.947,745.585,6035.52,7,4189.97,88.2649,103.345,4.74249,0.0674331
60.4,308.971,745.553,6035.99,7,4190.63,88.2635,103.344,4.71655,0.0670642
60.5,308.995,745.521,6036.46,7,4191.28,88.2621,103.343,4.69074,0.0666974
60.6,309.019,745.489,6036.93,7,4191.93,88.2607,103.341,4.66508,0.0663325
60.7,309.043,745.457,6037.39,7,4192.58,88.2592,103.34,4.63956,0.0659696
60.8,309.067,745.426,6037.85,7,4193.23,88.2578,103.339,4.61417,0.0656086
60.9,309.09,745.395,6038.31,7,4193.87,88.2564,103.338,4.58893,0.0651659
61,309.113,745.364,6038.77,7,4194.5,88.255,103.336,4.56382,0.0648926
61.1,309.137,745.333,6039.22,7,4195.14,88.2536,103.335,4.53884,0.0645375
61.2,309.16,745.302,6039.67,7,4195.77,88.2522,103.334,4.514,0.0641843
61.3,309.183,745.272,6040.12,7,4196.4,88.2508,103.333,4.4893,0.063833
61.4,309.206,745.241,6040.57,7,4197.02,88.2494,103.331,4.46473,0.0634836
61.5,309.228,745.211,6041.01,7,4197.64,88.2479,103.33,4.44029,0.0631362
61.6,309.251,745.181,6041.45,7,4198.26,88.2465,103.329,4.41598,0.0627906
61.7,309.273,745.151,6041.89,7,4198.87,88.2451,103.328,4.39181,0.0624468
61.8,309.296,745.122,6042.33,7,4199.48,88.2437,103.326,4.36777,0.062105
61.9,309.318,745.092,6042.77,7,4200.09,88.2423,103.325,4.34385,0.0616857
62,309.34,745.063,6043.2,7,4200.69,88.2409,103.324,4.32007,0.0614268
62.1,309.362,745.033,6043.63,7,4201.29,88.2395,103.323,4.29642,0.0610904
62.2,309.384,745.004,6044.05,7,4201.89,88.2381,103.321,4.27289,0.0607559
62.3,309.406,744.975,6044.48,7,4202.48,88.2367,103.32,4.24949,0.0604232
62.4,309.427,744.947,6044.9,7,4203.08,88.2353,103.319,4.22622,0.0600923
62.5,309.449,744.918,6045.32,7,4203.66,88.2339,103.318,4.20308,0.0597632
62.6,309.47,744.89,6045.74,7,4204.25,88.2325,103.316,4.18006,0.0594359
62.7,309.492,744.861,6046.16,7,4204.83,88.231,103.315,4.15716,0.0591104
62.8,309.513,744.833,6046.57,7,4205.41,88.2296,103.314,4.13439,0.0587866
62.9,309.534,744.805,6046.98,7,4205.98,88.2282,103.312,4.11174,0.0583895
63,309.555,744.778,6047.39,7,4206.56,88.2268,103.311,4.08922,0.0581443
63.1,309.575,744.75,6047.8,7,4207.12,88.2254,103.31,4.06682,0.0578258
63.2,309.596,744.722,6048.2,7,4207.69,88.224,103.309,4.04454,0.057509
63.3,309.617,744.695,6048.6,7,4208.25,88.2226,103.307,4.02238,0.0571939
63.4,309.637,744.668,6049,7,4208.81,88.2212,103.306,4.00034,0.0568805
63.5,309.658,744.641,6049.4,7,4209.37,88.2198,103.305,3.97842,0.0565688
63.6,309.678,744.614,6049.8,7,4209.92,88.2184,103.303,3.95662,0.0562589
63.7,309.698,744.587,6050.19,7,4210.47,88.217,103.302,3.93493,0.0559506
63.8,309.718,744.561,6050.58,7,4211.02,88.2156,103.301,3.91337,0.0556439
63.9,309.738,744.534,6050.97,7,4211.57,88.2142,103.3,3.89192,0.055268
64,309.758,744.508,6051.36,7,4212.11,88.2128,103.298,3.87059,0.0550357
64.1,309.777,744.482,6051.74,7,4212.65,88.2114,103.297,3.84938,0.054734
64.2,309.797,744.456,6052.12,7,4213.18,88.21,103.296,3.82828,0.054434
64.3,309.817,744.43,6052.51,7,4213.72,88.2086,103.294,3.80729,0.0541356
64.4,309.836,744.404,6052.88,7,4214.25,88.2072,103.293,3.78642,0.0538388
64.5,309.855,744.378,6053.26,7,4214.77,88.2058,103.292,3.76566,0.0535437
64.6,309.874,744.353,6053.64,7,4215.3,88.2044,103.29,3.74502,0.0532501
64.7,309.893,744.327,6054.01,7,4215.82,88.203,103.289,3.72449,0.0529582
64.8,309.912,744.302,6054.38,7,4216.34,88.2016,103.288,3.70406,0.0526678
64.9,309.931,744.277,6054.75,7,4216.85,88.2002,103.286,3.68375,0.0523118
65,309.95,744.252,6055.11,7,4217.37,88.1988,103.285,3.66355,0.0520918
65.1,309.969,744.228,6055.48,7,4217.88,88.1974,103.284,3.64346,0.0518062
65.2,309.987,744.203,6055.84,7,4218.39,88.196,103.282,3.62348,0.0515221
65.3,310.006,744.178,6056.2,7,4218.89,88.1946,103.281,3.60361,0.0512395
65.4,310.024,744.154,6056.56,7,4219.39,88.1932,103.28,3.58385,0.0509585
65.5,310.042,744.13,6056.91,7,4219.89,88.1918,103.279,3.56419,0.050679
65.6,310.06,744.106,6057.27,7,4220.39,88.1905,103.277,3.54464,0.050401
65.7,310.078,744.082,6057.62,7,4220.88,88.1891,103.276,3.5252,0.0501246
65.8,310.096,744.058,6057.97,7,4221.37,88.1877,103.275,3.50586,0.0498496
65.9,310.114,744.034,6058.32,7,4221.86,88.1863,103.273,3.48663,0.0495125
66,310.132,744.011,6058.67,7,4222.35,88.1849,103.272,3.4675,0.0493042
66.1,310.15,743.987,6059.01,7,4222.83,88.1835,103.271,3.44848,0.0490337
66.2,310.167,743.964,6059.36,7,4223.31,88.1821,103.269,3.42956,0.0487647
66.3,310.185,743.941,6059.7,7,4223.79,88.1807,103.268,3.41074,0.0484971
66.4,310.202,743.918,6060.04,7,4224.27,88.1793,103.267,3.39203,0.048231
66.5,310.219,743.895,6060.37,7,4224.74,88.1779,103.265,3.37342,0.0479664
66.6,310.236,743.872,6060.71,7,4225.21,88.1765,103.264,3.35491,0.0477032
66.7,310.254,743.849,6061.04,7,4225.68,88.1751,103.263,3.33649,0.0474414
66.8,310.271,743.827,6061.37,7,4226.14,88.1738,103.261,3.31818,0.047181
66.9,310.287,743.804,6061.7,7,4226.61,88.1724,103.26,3.29997,0.0468619
67,310.304,743.782,6062.03,7,4227.07,88.171,103.259,3.28186,0.0466646
67.1,310.321,743.76,6062.36,7,4227.52,88.1696,103.257,3.26385,0.0464085
67.2,310.338,743.738,6062.68,7,4227.98,88.1682,103.256,3.24594,0.0461537
67.3,310.354,743.716,6063.01,7,4228.43,88.1668,103.255,3.22812,0.0459004
67.4,310.37,743.694,6063.33,7,4228.88,88.1654,103.253,3.2104,0.0456484
67.5,310.387,743.672,6063.65,7,4229.33,88.164,103.252,3.19278,0.0453979
67.6,310.403,743.65,6063.96,7,4229.77,88.1627,103.251,3.17525,0.0451486
67.7,310.419,743.629,6064.28,7,4230.22,88.1613,103.249,3.15782,0.0449008
67.8,310.435,743.608,6064.59,7,4230.66,88.1599,103.248,3.14048,0.0446543
67.9,310.451,743.586,6064.91,7,4231.1,88.1585,103.247,3.12324,0.0443521
68,310.467,743.565,6065.22,7,4231.53,88.1571,103.245,3.10609,0.0441653
68.1,310.483,743.544,6065.53,7,4231.97,88.1557,103.244,3.08904,0.0439228
68.2,310.499,743.523,6065.83,7,4232.4,88.1543,103.243,3.07207,0.0436816
68.3,310.514,743.503,6066.14,7,4232.83,88.153,103.241,3.0552,0.0434417
68.4,310.53,743.482,6066.44,7,4233.25,88.1516,103.24,3.03843,0.0432032
68.5,310.545,743.461,6066.74,7,4233.68,88.1502,103.239,3.02174,0.0429659
68.6,310.561,743.441,6067.04,7,4234.1,88.1488,103.237,3.00515,0.04273
68.7,310.576,743.421,6067.34,7,4234.52,88.1474,103.236,2.98864,0.0424953
68.8,310.591,743.4,6067.64,7,4234.93,88.1461,103.234,2.97223,0.0422619
68.9,310.606,743.38,6067.94,7,4235.35,88.1447,103.233,2.9559,0.0419759
69,310.621,743.36,6068.23,7,4235.76,88.1433,103.232,2.93967,0.0417989
69.1,310.636,743.34,6068.52,7,4236.17,88.1419,103.23,2.92352,0.0415693
69.2,310.651,743.321,6068.81,7,4236.58,88.1405,103.229,2.90746,0.041341
69.3,310.666,743.301,6069.1,7,4236.99,88.1392,103.228,2.89149,0.0411139
69.4,310.681,743.281,6069.39,7,4237.39,88.1378,103.226,2.87561,0.0408881
69.5,310.695,743.262,6069.68,7,4237.79,88.1364,103.225,2.85981,0.0406634
69.6,310.71,743.243,6069.96,7,4238.19,88.135,103.224,2.8441,0.04044
69.7,310.725,743.223,6070.24,7,4238.59,88.1336,103.222,2.82847,0.0402179
69.8,310.739,743.204,6070.52,7,4238.98,88.1323,103.221,2.81293,0.0399969
69.9,310.753,743.185,6070.8,7,4239.38,88.1309,103.22,2.79748,0.0397261
70,310.767,743.166,6071.08,7,4239.77,88.1295,103.218,2.78211,0.0395586
70.1,310.782,743.148,6071.36,7,4240.16,88.1281,103.217,2.76682,0.0393412
70.2,310.796,743.129,6071.63,7,4240.54,88.1268,103.216,2.75161,0.039125
70.3,310.81,743.11,6071.91,7,4240.93,88.1254,103.214,2.73649,0.03891
70.4,310.824,743.092,6072.18,7,4241.31,88.124,103.213,2.72146,0.0386962
70.5,310.838,743.073,6072.45,7,4241.69,88.1226,103.212,2.7065,0.0384835
70.6,310.851,743.055,6072.72,7,4242.07,88.1213,103.21,2.69163,0.038272
70.7,310.865,743.037,6072.99,7,4242.44,88.1199,103.209,2.67683,0.0380617
70.8,310.879,743.019,6073.25,7,4242.82,88.1185,103.207,2.66212,0.0378525
70.9,310.892,743.001,6073.52,7,4243.19,88.1171,103.206,2.64749,0.0375961
71,310.906,742.983,6073.78,7,4243.56,88.1158,103.205,2.63294,0.0374375
71.1,310.919,742.965,6074.04,7,4243.93,88.1144,103.203,2.61846,0.0372318
71.2,310.932,742.947,6074.3,7,4244.29,88.113,103.202,2.60407,0.0370271
71.3,310.946,742.93,6074.56,7,4244.66,88.1117,103.201,2.58976,0.0368236
71.4,310.959,742.912,6074.82,7,4245.02,88.1103,103.199,2.57552,0.0366211
71.5,310.972,742.895,6075.08,7,4245.38,88.1089,103.198,2.56136,0.0364198
71.6,310.985,742.877,6075.33,7,4245.74,88.1075,103.197,2.54728,0.0362196
71.7,310.998,742.86,6075.59,7,4246.09,88.1062,103.195,2.53328,0.0360205
71.8,311.011,742.843,6075.84,7,4246.45,88.1048,103.194,2.51935,0.0358224
71.9,311.024,742.826,6076.09,7,4246.8,88.1034,103.193,2.5055,0.0355798
72,311.036,742.809,6076.34,7,4247.15,88.1021,103.191,2.49172,0.0354296
72.1,311.049,742.792,6076.58,7,4247.5,88.1007,103.19,2.47802,0.0352348
72.2,311.062,742.775,6076.83,7,4247.84,88.0993,103.188,2.46439,0.035041
72.3,311.074,742.759,6077.08,7,4248.19,88.098,103.187,2.45084,0.0348484
72.4,311.087,742.742,6077.32,7,4248.53,88.0966,103.186,2.43737,0.0346567
72.5,311.099,742.726,6077.56,7,4248.87,88.0952,103.184,2.42396,0.0344662
72.6,311.112,742.709,6077.8,7,4249.21,88.0939,103.183,2.41063,0.0342766
72.7,311.124,742.693,6078.04,7,4249.55,88.0925,103.182,2.39738,0.0340881
72.8,311.136,742.677,6078.28,7,4249.88,88.0911,103.18,2.38419,0.0339006
72.9,311.148,742.661,6078.52,7,4250.22,88.0898,103.179,2.37108,0.0336709
73,311.16,742.645,6078.75,7,4250.55,88.0884,103.178,2.35804,0.0335288
73.1,311.172,742.629,6078.99,7,4250.88,88.087,103.176,2.34507,0.0333443
73.2,311.184,742.613,6079.22,7,4251.21,88.0857,103.175,2.33217,0.0331609
73.3,311.196,742.597,6079.45,7,4251.53,88.0843,103.174,2.31934,0.0329785
73.4,311.208,742.581,6079.68,7,4251.86,88.083,103.172,2.30658,0.0327971
73.5,311.22,742.566,6079.91,7,4252.18,88.0816,103.171,2.29389,0.0326167
73.6,311.231,742.55,6080.14,7,4252.5,88.0802,103.169,2.28128,0.0324373
73.7,311.243,742.535,6080.37,7,4252.82,88.0789,103.168,2.26873,0.0322589
73.8,311.254,742.52,6080.59,7,4253.14,88.0775,103.167,2.25625,0.0320814
73.9,311.266,742.504,6080.82,7,4253.45,88.0761,103.165,2.24383,0.031864
74,311.277,742.489,6081.04,7,4253.77,88.0748,103.164,2.23149,0.0317294
74.1,311.289,742.474,6081.26,7,4254.08,88.0734,103.163,2.21921,0.0315548
74.2,311.3,742.459,6081.48,7,4254.39,88.0721,103.161,2.207,0.0313812
74.3,311.311,742.444,6081.7,7,4254.7,88.0707,103.16,2.19486,0.0312085
74.4,311.322,742.429,6081.92,7,4255.01,88.0693,103.159,2.18278,0.0310368
74.5,311.333,742.414,6082.14,7,4255.31,88.068,103.157,2.17077,0.0308661
74.6,311.345,742.4,6082.36,7,4255.61,88.0666,103.156,2.15883,0.0306962
74.7,311.356,742.385,6082.57,7,4255.92,88.0653,103.155,2.14695,0.0305273
74.8,311.366,742.371,6082.78,7,4256.22,88.0639,103.153,2.13513,0.0303593
74.9,311.377,742.356,6083,7,4256.52,88.0626,103.152,2.12338,0.0301535
75,311.388,742.342,6083.21,7,4256.81,88.0612,103.15,2.1117,0.0300261
75.1,311.399,742.328,6083.42,7,4257.11,88.0598,103.149,2.10008,0.0298609
75.2,311.41,742.313,6083.63,7,4257.4,88.0585,103.148,2.08852,0.0296965
75.3,311.42,742.299,6083.83,7,4257.69,88.0571,103.146,2.07703,0.0295331
75.4,311.431,742.285,6084.04,7,4257.99,88.0558,103.145,2.06559,0.0293705
75.5,311.441,742.271,6084.25,7,4258.27,88.0544,103.144,2.05423,0.0292089
75.6,311.452,742.257,6084.45,7,4258.56,88.0531,103.142,2.04292,0.0290481
75.7,311.462,742.244,6084.65,7,4258.85,88.0517,103.141,2.03168,0.0288882
75.8,311.472,742.23,6084.86,7,4259.13,88.0504,103.14,2.02049,0.0287292
75.9,311.483,742.216,6085.06,7,4259.42,88.049,103.138,2.00937,0.0285344
76,311.493,742.203,6085.26,7,4259.7,88.0477,103.137,1.99831,0.0284138
76.1,311.503,742.189,6085.45,7,4259.98,88.0463,103.135,1.98731,0.0282574
76.2,311.513,742.176,6085.65,7,4260.25,88.045,103.134,1.97637,0.0281019
76.3,311.523,742.162,6085.85,7,4260.53,88.0436,103.133,1.96549,0.0279472
76.4,311.533,742.149,6086.04,7,4260.81,88.0423,103.131,1.95467,0.0277933
76.5,311.543,742.136,6086.24,7,4261.08,88.0409,103.13,1.94391,0.0276403
76.6,311.553,742.123,6086.43,7,4261.35,88.0396,103.129,1.93321,0.0274881
76.7,311.563,742.11,6086.62,7,4261.62,88.0382,103.127,1.92256,0.0273368
76.8,311.573,742.097,6086.82,7,4261.89,88.0369,103.126,1.91198,0.0271863
76.9,311.583,742.084,6087.01,7,4262.16,88.0355,103.125,1.90145,0.0270019
77,311.592,742.071,6087.19,7,4262.43,88.0342,103.123,1.89098,0.0268878
77.1,311.602,742.058,6087.38,7,4262.69,88.0328,103.122,1.88057,0.0267397
77.2,311.611,742.045,6087.57,7,4262.95,88.0315,103.121,1.87022,0.0265925
77.3,311.621,742.033,6087.76,7,4263.22,88.0301,103.119,1.85992,0.0264461
77.4,311.63,742.02,6087.94,7,4263.48,88.0288,103.118,1.84968,0.0263004
77.5,311.64,742.008,6088.12,7,4263.74,88.0274,103.116,1.83949,0.0261556
77.6,311.649,741.995,6088.31,7,4263.99,88.0261,103.115,1.82936,0.0260116
77.7,311.659,741.983,6088.49,7,4264.25,88.0247,103.114,1.81929,0.0258683
77.8,311.668,741.97,6088.67,7,4264.51,88.0234,103.112,1.80927,0.0257259
77.9,311.677,741.958,6088.85,7,4264.76,88.022,103.111,1.79931,0.0255514
78,311.686,741.946,6089.03,7,4265.01,88.0207,103.11,1.7894,0.0254433
78.1,311.695,741.934,6089.21,7,4265.26,88.0194,103.108,1.77954,0.0253032
78.2,311.704,741.922,6089.38,7,4265.51,88.018,103.107,1.76974,0.0251638
78.3,311.713,741.91,6089.56,7,4265.76,88.0167,103.106,1.76,0.0250252
78.4,311.722,741.898,6089.74,7,4266.01,88.0153,103.104,1.7503,0.0248874
78.5,311.731,741.886,6089.91,7,4266.25,88.014,103.103,1.74066,0.0247503
78.6,311.74,741.874,6090.08,7,4266.49,88.0126,103.102,1.73107,0.024614
78.7,311.749,741.863,6090.25,7,4266.74,88.0113,103.1,1.72154,0.0244784
78.8,311.758,741.851,6090.43,7,4266.98,88.01,103.099,1.71206,0.0243436
78.9,311.766,741.839,6090.6,7,4267.22,88.0086,103.098,1.70263,0.0241785
79,311.775,741.828,6090.77,7,4267.46,88.0073,103.096,1.69325,0.0240762
79.1,311.784,741.816,6090.93,7,4267.69,88.0059,103.095,1.68392,0.0239435
79.2,311.792,741.805,6091.1,7,4267.93,88.0046,103.093,1.67464,0.0238117
79.3,311.801,741.794,6091.27,7,4268.16,88.0033,103.092,1.66542,0.0236805
79.4,311.809,741.783,6091.43,7,4268.4,88.0019,103.091,1.65624,0.02355
79.5,311.818,741.771,6091.6,7,4268.63,88.0006,103.089,1.64712,0.0234203
79.6,311.826,741.76,6091.76,7,4268.86,87.9992,103.088,1.63805,0.0232913
79.7,311.834,741.749,6091.93,7,4269.09,88.0182,103.087,1.62902,0.023163
79.8,311.843,741.738,6092.09,7,4269.32,88.0169,103.086,1.62005,0.0230353
79.9,311.851,741.727,6092.25,7,4269.55,88.0155,103.085,1.61112,0.022879
80,311.859,741.716,6092.41,7,4269.77,88.0142,103.084,1.60225,0.0227822
80.1,311.867,741.705,6092.57,7,4270,88.0128,103.083,1.59342,0.0226567
80.2,311.875,741.695,6092.73,7,4270.22,88.0115,103.082,1.58464,0.0225319
80.3,311.883,741.684,6092.88,7,4270.44,88.0102,103.081,1.57591,0.0224077
80.4,311.891,741.673,6093.04,7,4270.66,88.0088,103.08,1.56722,0.0222842
80.5,311.899,741.663,6093.2,7,4270.88,88.0075,103.078,1.55859,0.0221615
80.6,311.907,741.652,6093.35,7,4271.1,88.0061,103.077,1.55,0.0220393
80.7,311.915,741.642,6093.51,7,4271.32,88.0048,103.076,1.54146,0.0219179
80.8,311.923,741.631,6093.66,7,4271.53,88.0035,103.075,1.53297,0.0217971
80.9,311.931,741.621,6093.81,7,4271.75,88.0021,103.074,1.52452,0.0216492
81,311.939,741.611,6093.96,7,4271.96,88.0008,103.073,1.51612,0.0215576
81.1,311.946,741.6,6094.11,7,4272.18,87.9994,103.072,1.50776,0.0214388
81.2,311.954,741.59,6094.26,7,4272.39,88.0184,103.071,1.49945,0.0213206
81.3,311.962,741.58,6094.41,7,4272.6,88.0171,103.07,1.49119,0.0212031
81.4,311.969,741.57,6094.56,7,4272.81,88.0157,103.069,1.48297,0.0210863
81.5,311.977,741.56,6094.71,7,4273.01,88.0144,103.069,1.4748,0.0209701
81.6,311.984,741.55,6094.86,7,4273.22,88.013,103.068,1.46667,0.0208545
81.7,311.992,741.54,6095,7,4273.43,88.0117,103.067,1.45859,0.0207396
81.8,311.999,741.53,6095.15,7,4273.63,88.0104,103.066,1.45055,0.0206252
81.9,312.007,741.52,6095.29,7,4273.83,88.009,103.065,1.44255,0.0204852
82,312.014,741.51,6095.43,7,4274.04,88.0077,103.064,1.4346,0.0203985
82.1,312.021,741.501,6095.58,7,4274.24,88.0063,103.064,1.4267,0.0202861
82.2,312.029,741.491,6095.72,7,4274.44,88.005,103.063,1.41883,0.0201743
82.3,312.036,741.482,6095.86,7,4274.64,88.0037,103.062,1.41101,0.0200631
82.4,312.043,741.472,6096,7,4274.84,88.0023,103.061,1.40323,0.0199525
82.5,312.05,741.463,6096.14,7,4275.03,88.001,103.06,1.3955,0.0198425
82.6,312.057,741.453,6096.28,7,4275.23,87.9996,103.059,1.38781,0.0197331
82.7,312.064,741.444,6096.42,7,4275.42,88.0186,103.058,1.38016,0.0196244
82.8,312.071,741.434,6096.55,7,4275.62,88.0173,103.058,1.37255,0.0195162
82.9,312.078,741.425,6096.69,7,4275.81,88.0159,103.057,1.36498,0.0193837
83,312.085,741.416,6096.83,7,4276,88.0146,103.057,1.35746,0.0193016
83.1,312.092,741.407,6096.96,7,4276.19,88.0133,103.056,1.34997,0.0191952
83.2,312.099,741.398,6097.09,7,4276.38,88.0119,103.055,1.34253,0.0190894
83.3,312.106,741.388,6097.23,7,4276.57,88.0106,103.055,1.33513,0.0189841
83.4,312.113,741.379,6097.36,7,4276.76,88.0092,103.054,1.32777,0.0188795
83.5,312.119,741.37,6097.49,7,4276.94,88.0079,103.053,1.32045,0.0187754
83.6,312.126,741.362,6097.62,7,4277.13,88.0066,103.053,1.31317,0.0186719
83.7,312.133,741.353,6097.76,7,4277.31,88.0052,103.052,1.30593,0.0185689
83.8,312.139,741.344,6097.89,7,4277.49,88.0039,103.051,1.29873,0.0184666
83.9,312.146,741.335,6098.01,7,4277.68,88.0025,103.05,1.29157,0.0183412
84,312.153,741.326,6098.14,7,4277.86,88.0012,103.05,1.28445,0.0182635
84.1,312.159,741.318,6098.27,7,4278.04,87.9999,103.049,1.27737,0.0181628
84.2,312.166,741.309,6098.4,7,4278.22,88.0189,103.048,1.27032,0.0180626
84.3,312.172,741.3,6098.52,7,4278.4,88.0175,103.048,1.26332,0.0179631
84.4,312.179,741.292,6098.65,7,4278.57,88.0162,103.047,1.25635,0.017864
84.5,312.185,741.283,6098.77,7,4278.75,88.0148,103.047,1.24943,0.0177655
84.6,312.191,741.275,6098.9,7,4278.92,88.0135,103.046,1.24254,0.0176675
84.7,312.198,741.266,6099.02,7,4279.1,88.0121,103.046,1.23569,0.0175701
84.8,312.204,741.258,6099.15,7,4279.27,88.0108,103.045,1.22887,0.0174732
84.9,312.21,741.25,6099.27,7,4279.44,88.0095,103.045,1.2221,0.0173546
85,312.216,741.242,6099.39,7,4279.62,88.0081,103.044,1.21536,0.0172811
85.1,312.223,741.233,6099.51,7,4279.79,88.0068,103.044,1.20865,0.0171858
85.2,312.229,741.225,6099.63,7,4279.96,88.0054,103.043,1.20199,0.017091
85.3,312.235,741.217,6099.75,7,4280.12,88.0041,103.043,1.19536,0.0169967
85.4,312.241,741.209,6099.87,7,4280.29,88.0028,103.042,1.18877,0.016903
85.5,312.247,741.201,6099.99,7,4280.46,88.0014,103.041,1.18221,0.0168098
85.6,312.253,741.193,6100.1,7,4280.63,88.0001,103.041,1.17569,0.0167171
85.7,312.259,741.185,6100.22,7,4280.79,87.9987,103.04,1.16921,0.0166249
85.8,312.265,741.177,6100.34,7,4280.95,88.0177,103.04,1.16276,0.0165332
85.9,312.271,741.169,6100.45,7,4281.12,88.0164,103.039,1.15635,0.0164209
86,312.277,741.161,6100.57,7,4281.28,88.015,103.039,1.14997,0.0163513
86.1,312.283,741.154,6100.68,7,4281.44,88.0137,103.039,1.14363,0.0162612
86.2,312.288,741.146,6100.8,7,4281.6,88.0124,103.038,1.13732,0.0161715
86.3,312.294,741.138,6100.91,7,4281.76,88.011,103.038,1.13105,0.0160823
86.4,312.3,741.131,6101.02,7,4281.92,88.0097,103.038,1.12481,0.0159936
86.5,312.306,741.123,6101.13,7,4282.08,88.0083,103.037,1.1186,0.0159054
86.6,312.311,741.115,6101.24,7,4282.24,88.007,103.037,1.11243,0.0158176
86.7,312.317,741.108,6101.36,7,4282.39,88.0057,103.036,1.1063,0.0157304
86.8,312.323,741.1,6101.47,7,4282.55,88.0043,103.036,1.1002,0.0156436
86.9,312.328,741.093,6101.57,7,4282.7,88.003,103.035,1.09413,0.0155374
87,312.334,741.086,6101.68,7,4282.85,88.0016,103.035,1.08809,0.0154715
87.1,312.339,741.078,6101.79,7,4283.01,88.0003,103.034,1.08209,0.0153862
87.2,312.345,741.071,6101.9,7,4283.16,87.999,103.034,1.07612,0.0153013
87.3,312.35,741.064,6102.01,7,4283.31,88.018,103.033,1.07019,0.0152169
87.4,312.356,741.056,6102.11,7,4283.46,88.0166,103.033,1.06428,0.015133
87.5,312.361,741.049,6102.22,7,4283.61,88.0153,103.033,1.05841,0.0150495
87.6,312.367,741.042,6102.32,7,4283.76,88.0139,103.033,1.05257,0.0149665
87.7,312.372,741.035,6102.43,7,4283.91,88.0126,103.032,1.04677,0.0148839
87.8,312.377,741.028,6102.53,7,4284.05,88.0113,103.032,1.04099,0.0148018
87.9,312.383,741.021,6102.64,7,4284.2,88.0099,103.032,1.03525,0.0147012
88,312.388,741.014,6102.74,7,4284.35,88.0086,103.031,1.02954,0.0146389
88.1,312.393,741.007,6102.84,7,4284.49,88.0072,103.031,1.02386,0.0145582
88.2,312.398,741,6102.94,7,4284.63,88.0059,103.031,1.01821,0.0144778
88.3,312.404,740.993,6103.04,7,4284.78,88.0045,103.03,1.01259,0.014398
88.4,312.409,740.986,6103.15,7,4284.92,88.0032,103.03,1.00701,0.0143185
88.5,312.414,740.979,6103.25,7,4285.06,88.0019,103.029,1.00145,0.0142395
88.6,312.419,740.973,6103.35,7,4285.2,88.0005,103.029,0.995924,0.014161
88.7,312.424,740.966,6103.44,7,4285.34,87.9992,103.028,0.990429,0.0140828
88.8,312.429,740.959,6103.54,7,4285.48,88.0182,103.028,0.984965,0.0140051
88.9,312.434,740.952,6103.64,7,4285.62,88.0169,103.028,0.97953,0.01391
89,312.439,740.946,6103.74,7,4285.76,88.0155,103.028,0.974126,0.013851
89.1,312.444,740.939,6103.83,7,4285.89,88.0142,103.028,0.968751,0.0137746
89.2,312.449,740.933,6103.93,7,4286.03,88.0128,103.028,0.963406,0.0136986
89.3,312.454,740.926,6104.03,7,4286.16,88.0115,103.027,0.95809,0.013623
89.4,312.459,740.92,6104.12,7,4286.3,88.0101,103.027,0.952804,0.0135479
89.5,312.464,740.913,6104.22,7,4286.43,88.0088,103.027,0.947546,0.0134731
89.6,312.468,740.907,6104.31,7,4286.57,88.0075,103.026,0.942318,0.0133988
89.7,312.473,740.9,6104.4,7,4286.7,88.0061,103.026,0.937118,0.0133248
89.8,312.478,740.894,6104.5,7,4286.83,88.0048,103.026,0.931947,0.0132513
89.9,312.483,740.888,6104.59,7,4286.96,88.0034,103.026,0.926805,0.0131613
90,312.487,740.882,6104.68,7,4287.09,88.0021,103.025,0.921691,0.0131055
90.1,312.492,740.875,6104.77,7,4287.22,88.0008,103.025,0.916605,0.0130331
90.2,312.497,740.869,6104.87,7,4287.35,87.9994,103.024,0.911547,0.0129612
90.3,312.501,740.863,6104.96,7,4287.48,88.0184,103.024,0.906516,0.0128897
90.4,312.506,740.857,6105.05,7,4287.6,88.0171,103.024,0.901514,0.0128186
90.5,312.511,740.851,6105.14,7,4287.73,88.0158,103.024,0.896539,0.0127478
90.6,312.515,740.845,6105.23,7,4287.86,88.0144,103.024,0.891591,0.0126775
90.7,312.52,740.839,6105.31,7,4287.98,88.0131,103.024,0.886671,0.0126075
90.8,312.524,740.833,6105.4,7,4288.11,88.0117,103.024,0.881778,0.0125379
90.9,312.529,740.827,6105.49,7,4288.23,88.0104,103.023,0.876912,0.0124527
91,312.533,740.821,6105.58,7,4288.35,88.009,103.023,0.872072,0.0123999
91.1,312.538,740.815,6105.66,7,4288.48,88.0077,103.023,0.867259,0.0123315
91.2,312.542,740.809,6105.75,7,4288.6,88.0064,103.023,0.862473,0.0122634
91.3,312.546,740.803,6105.84,7,4288.72,88.005,103.022,0.857713,0.0121958
91.4,312.551,740.797,6105.92,7,4288.84,88.0037,103.022,0.85298,0.0121285
91.5,312.555,740.792,6106.01,7,4288.96,88.0023,103.022,0.848272,0.0120615
91.6,312.559,740.786,6106.09,7,4289.08,88.001,103.022,0.84359,0.011995
91.7,312.564,740.78,6106.17,7,4289.2,87.9997,103.021,0.838934,0.0119287
91.8,312.568,740.774,6106.26,7,4289.31,88.0187,103.021,0.834304,0.0118629
91.9,312.572,740.769,6106.34,7,4289.43,88.0173,103.021,0.829699,0.0117823
92,312.577,740.763,6106.42,7,4289.55,88.016,103.021,0.82512,0.0117323
92.1,312.581,740.758,6106.51,7,4289.66,88.0147,103.021,0.820566,0.0116676
92.2,312.585,740.752,6106.59,7,4289.78,88.0133,103.021,0.816037,0.0116032
92.3,312.589,740.747,6106.67,7,4289.89,88.012,103.021,0.811533,0.0115391
92.4,312.593,740.741,6106.75,7,4290.01,88.0106,103.021,0.807053,0.0114754
92.5,312.597,740.736,6106.83,7,4290.12,88.0093,103.02,0.802599,0.0114121
92.6,312.601,740.73,6106.91,7,4290.23,88.0079,103.02,0.798169,0.0113491
92.7,312.605,740.725,6106.99,7,4290.35,88.0066,103.02,0.793763,0.0112865
92.8,312.609,740.719,6107.07,7,4290.46,88.0053,103.02,0.789381,0.0112242
92.9,312.613,740.714,6107.15,7,4290.57,88.0039,103.02,0.785024,0.0111479
93,312.617,740.709,6107.22,7,4290.68,88.0026,103.019,0.780691,0.0111006
93.1,312.621,740.704,6107.3,7,4290.79,88.0012,103.019,0.776382,0.0110393
93.2,312.625,740.698,6107.38,7,4290.9,87.9999,103.019,0.772096,0.0109784
93.3,312.629,740.693,6107.46,7,4291.01,88.0189,103.019,0.767834,0.0109178
93.4,312.633,740.688,6107.53,7,4291.11,88.0176,103.019,0.763595,0.0108575
93.5,312.637,740.683,6107.61,7,4291.22,88.0162,103.019,0.75938,0.0107976
93.6,312.641,740.678,6107.68,7,4291.33,88.0149,103.019,0.755188,0.010738
93.7,312.645,740.672,6107.76,7,4291.43,88.0136,103.019,0.75102,0.0106787
93.8,312.649,740.667,6107.83,7,4291.54,88.0122,103.018,0.746874,0.0106197
93.9,312.652,740.662,6107.91,7,4291.64,88.0109,103.018,0.742751,0.0105476
94,312.656,740.657,6107.98,7,4291.75,88.0095,103.018,0.73865,0.0105028
94.1,312.66,740.652,6108.05,7,4291.85,88.0082,103.018,0.734573,0.0104448
94.2,312.664,740.647,6108.13,7,4291.96,88.0068,103.018,0.730517,0.0103872
94.3,312.667,740.642,6108.2,7,4292.06,88.0055,103.018,0.726485,0.0103298
94.4,312.671,740.637,6108.27,7,4292.16,88.0042,103.017,0.722474,0.0102728
94.5,312.675,740.633,6108.34,7,4292.26,88.0028,103.017,0.718485,0.0102161
94.6,312.678,740.628,6108.42,7,4292.36,88.0015,103.017,0.714519,0.0101597
94.7,312.682,740.623,6108.49,7,4292.46,88.0001,103.017,0.710574,0.0101036
94.8,312.686,740.618,6108.56,7,4292.56,87.9988,103.017,0.706651,0.0100478
94.9,312.689,740.613,6108.63,7,4292.66,88.0178,103.017,0.70275,0.00997953
95,312.693,740.609,6108.7,7,4292.76,88.0165,103.017,0.69887,0.00993718
95.1,312.696,740.604,6108.77,7,4292.86,88.0151,103.017,0.695012,0.00988232
95.2,312.7,740.599,6108.84,7,4292.96,88.0138,103.016,0.691174,0.00982776
95.3,312.704,740.594,6108.91,7,4293.06,88.0125,103.016,0.687358,0.0097735
95.4,312.707,740.59,6108.97,7,4293.15,88.0111,103.016,0.683563,0.00971954
95.5,312.711,740.585,6109.04,7,4293.25,88.0098,103.016,0.679789,0.00966588
95.6,312.714,740.581,6109.11,7,4293.34,88.0084,103.016,0.676036,0.00961251
95.7,312.717,740.576,6109.18,7,4293.44,88.0071,103.016,0.672303,0.00955944
95.8,312.721,740.571,6109.24,7,4293.53,88.0058,103.016,0.668591,0.00950666
95.9,312.724,740.567,6109.31,7,4293.63,88.0044,103.016,0.6649,0.00944203
96,312.728,740.562,6109.38,7,4293.72,88.0031,103.015,0.661229,0.00940197
96.1,312.731,740.558,6109.44,7,4293.81,88.0017,103.015,0.657578,0.00935005
96.2,312.734,740.554,6109.51,7,4293.91,88.0004,103.015,0.653947,0.00929843
96.3,312.738,740.549,6109.57,7,4294,87.9991,103.015,0.650336,0.00924709
96.4,312.741,740.545,6109.64,7,4294.09,88.0181,103.015,0.646745,0.00919603
96.5,312.744,740.54,6109.7,7,4294.18,88.0167,103.015,0.643174,0.00914525
96.6,312.748,740.536,6109.76,7,4294.27,88.0154,103.015,0.639623,0.00909475
96.7,312.751,740.532,6109.83,7,4294.36,88.0141,103.015,0.636091,0.00904453
96.8,312.754,740.527,6109.89,7,4294.45,88.0127,103.015,0.632579,0.00899459
96.9,312.757,740.523,6109.95,7,4294.54,88.0114,103.015,0.629086,0.00893345
97,312.76,740.519,6110.02,7,4294.63,88.01,103.015,0.625612,0.00889553
97.1,312.764,740.515,6110.08,7,4294.71,88.0087,103.015,0.622158,0.00884641
97.2,312.767,740.51,6110.14,7,4294.8,88.0073,103.015,0.618722,0.00879756
97.3,312.77,740.506,6110.2,7,4294.89,88.006,103.014,0.615305,0.00874898
97.4,312.773,740.502,6110.26,7,4294.98,88.0047,103.014,0.611908,0.00870067
97.5,312.776,740.498,6110.32,7,4295.06,88.0033,103.014,0.608529,0.00865263
97.6,312.779,740.494,6110.39,7,4295.15,88.002,103.014,0.605168,0.00860485
97.7,312.782,740.49,6110.45,7,4295.23,88.0006,103.014,0.601827,0.00855733
97.8,312.785,740.486,6110.51,7,4295.32,87.9993,103.013,0.598503,0.00851007
97.9,312.789,740.482,6110.56,7,4295.4,88.0183,103.014,0.595198,0.00845222
98,312.792,740.478,6110.62,7,4295.48,88.017,103.014,0.591911,0.00841634
98.1,312.795,740.474,6110.68,7,4295.57,88.0157,103.014,0.588643,0.00836987
98.2,312.798,740.47,6110.74,7,4295.65,88.0143,103.014,0.585392,0.00832365
98.3,312.801,740.466,6110.8,7,4295.73,88.013,103.014,0.582159,0.00827768
98.4,312.803,740.462,6110.86,7,4295.82,88.0116,103.014,0.578944,0.00823197
98.5,312.806,740.458,6110.92,7,4295.9,88.0103,103.014,0.575747,0.00818651
98.6,312.809,740.454,6110.97,7,4295.98,88.0089,103.013,0.572567,0.0081413
98.7,312.812,740.45,6111.03,7,4296.06,88.0076,103.013,0.569405,0.00809633
98.8,312.815,740.446,6111.09,7,4296.14,88.0063,103.013,0.566261,0.00805162
98.9,312.818,740.442,6111.14,7,4296.22,88.0049,103.013,0.563133,0.00799688
99,312.821,740.439,6111.2,7,4296.3,88.0036,103.013,0.560023,0.00796293
99.1,312.824,740.435,6111.25,7,4296.38,88.0022,103.013,0.556931,0.00791896
99.2,312.827,740.431,6111.31,7,4296.45,88.0009,103.013,0.553855,0.00787522
99.3,312.829,740.427,6111.36,7,4296.53,87.9996,103.012,0.550796,0.00783173
99.4,312.832,740.423,6111.42,7,4296.61,88.0186,103.013,0.547754,0.00778848
99.5,312.835,740.42,6111.47,7,4296.69,88.0173,103.013,0.544729,0.00774546
99.6,312.838,740.416,6111.53,7,4296.76,88.0159,103.013,0.54172,0.00770268
99.7,312.841,740.412,6111.58,7,4296.84,88.0146,103.013,0.538729,0.00766014
99.8,312.843,740.409,6111.64,7,4296.91,88.0132,103.013,0.535753,0.00761784
99.9,312.846,740.405,6111.69,7,4296.99,88.0119,103.013,0.532794,0.00756604
100,312.849,740.402,6111.74,7,4297.06,88.0105,103.013,0.529852,0.00753392
