Time (s),Speed (km/h),Torque (Nm),RPM,Gear,Drag (N),Coolant (C),Oil (C),RPM/s,Acceleration (m/s2)
0,0,0,800,1,0,85.0027,100,0,0
0.1,7.28839,246.5,800,1,0,85.0053,100,0,0
0.2,8.69487,308.612,954.38,1,2.17078,85.0085,100,1543.8,3.90689
0.3,10.4681,386.923,1149.02,1,3.08943,85.0123,100,1946.41,4.92576
0.4,12.7038,485.654,1394.42,1,4.47808,85.0169,100.001,2453.97,6.21025
0.5,15.5225,610.129,1703.8,1,6.59511,85.0226,100.001,3093.82,7.82951
0.6,19.0759,767.055,2093.84,1,9.84631,85.0295,100.001,3900.4,9.87071
0.7,23.5556,850,2585.55,1,14.8704,85.0381,100.002,4917.09,12.4436
0.8,28.5241,850,3130.9,1,22.6747,85.0485,100.003,5453.52,13.8012
0.9,33.4907,850,3676.06,1,33.2487,85.0607,100.004,5451.57,13.7962
1,38.4552,850,4220.98,1,45.8354,85.0747,100.005,5449.25,13.7904
1.1,43.4173,831.937,4765.64,1,60.4315,85.0905,100.006,5446.56,13.7836
1.2,48.2699,795.717,5298.28,1,77.0333,85.108,100.007,5326.36,13.4794
1.3,52.9054,761.118,5807.09,1,95.2149,85.1273,100.009,5088.14,12.8765
1.4,57.3334,728.068,6293.11,1,114.381,85.1482,100.011,4860.24,12.2998
1.5,61.5627,696.501,6757.34,1,134.328,85.1706,100.014,4642.25,11.7481
1.6,65.602,829.533,4800.99,2,154.877,85.1864,100.016,4433.76,11.2205
1.7,68.7906,813.665,5034.33,2,175.868,85.203,100.019,2333.48,8.85705
1.8,71.9137,798.123,5262.89,2,193.379,85.2203,100.022,2285.59,8.67526
1.9,74.9731,782.898,5486.79,2,208.167,85.2384,100.025,2238.97,8.33172
2,77.9694,767.987,5706.07,2,226.256,85.2572,100.029,2192.86,8.32328
2.1,80.904,753.383,5920.83,2,244.702,85.2767,100.033,2147.6,8.15152
2.2,83.7792,739.075,6131.25,2,255.564,85.2969,100.037,2104.17,7.98666
2.3,86.5949,725.062,6337.32,2,274.052,85.3178,100.041,2060.65,7.82148
2.4,89.3523,711.34,6539.11,2,292.783,85.3393,100.045,2017.95,7.65942
2.5,92.0525,697.903,6736.72,2,311.725,85.3615,100.05,1976.07,7.50044
2.6,94.6965,684.745,6930.22,2,330.85,85.3843,100.055,1934.98,7.34449
2.7,97.2854,831.598,4770.62,3,350.129,85.3999,100.06,1894.68,7.19153
2.8,99.3688,824.651,4872.78,3,369.535,85.4158,100.065,1021.63,5.78715
2.9,101.431,817.774,4973.92,3,385.532,85.432,100.071,1011.32,5.67833
3,103.473,810.964,5074.06,3,397.623,85.4485,100.077,1001.43,5.67269
3.1,105.495,804.223,5173.19,3,413.795,85.4654,100.082,991.28,5.61522
3.2,107.496,797.551,5271.31,3,430.121,85.4826,100.088,981.211,5.55818
3.3,109.476,790.947,5368.43,3,446.592,85.5001,100.095,971.219,5.50158
3.4,111.437,784.41,5464.56,3,463.201,85.5179,100.101,961.303,5.44541
3.5,113.377,777.94,5559.71,3,479.938,85.5361,100.108,951.464,5.38968
3.6,115.297,771.536,5653.88,3,496.796,85.5545,100.114,941.701,5.33438
3.7,117.198,765.199,5747.08,3,513.768,85.5733,100.121,932.016,5.27951
3.8,119.079,758.926,5839.32,3,530.846,85.5923,100.128,922.406,5.22508
3.9,120.941,752.719,5930.61,3,548.023,85.6117,100.135,912.873,5.12557
4,122.782,746.577,6020.92,3,568.104,85.6313,100.143,903.185,5.1162
4.1,124.605,740.499,6110.3,3,585.54,85.6512,100.151,893.8,5.06303
4.2,126.409,734.485,6198.75,3,603.053,85.6714,100.158,884.491,5.0103
4.3,128.194,728.533,6286.28,3,620.639,85.692,100.166,875.258,4.958
4.4,129.96,722.644,6372.89,3,638.289,85.7127,100.175,866.101,4.90613
4.5,131.708,716.816,6458.59,3,655.998,85.7338,100.183,857.02,4.85469
4.6,133.437,711.049,6543.39,3,673.761,85.7552,100.191,848.014,4.80368
4.7,135.148,705.344,6627.3,3,691.57,85.7768,100.2,839.084,4.75309
4.8,136.841,699.698,6710.32,3,709.42,85.7987,100.209,830.229,4.70293
4.9,138.516,694.112,6792.47,3,727.306,85.8208,100.218,821.449,4.61224
5,140.174,688.586,6873.74,3,745.221,85.8432,100.228,812.744,4.60388
5.1,141.813,683.118,6954.15,3,763.162,85.8659,100.237,804.113,4.55499
5.2,143.436,777.409,5567.52,4,781.122,85.8839,100.247,795.557,4.50652
5.3,144.876,773.607,5623.43,4,799.096,85.9021,100.257,559.129,4.00134
5.4,146.306,769.833,5678.93,4,815.227,85.9205,100.267,554.995,3.97175
5.5,147.725,766.087,5734.02,4,831.398,85.9391,100.277,550.88,3.9423
5.6,149.134,762.369,5788.7,4,847.606,85.9578,100.287,546.785,3.913
5.7,150.532,758.678,5842.97,4,863.848,85.9767,100.297,542.711,3.88385
5.8,151.92,755.015,5896.83,4,880.122,85.9958,100.308,538.658,3.85484
5.9,153.297,751.38,5950.3,4,896.424,86.015,100.319,534.625,3.80488
6,154.664,747.772,6003.36,4,912.752,86.0345,100.329,530.612,3.79726
6.1,156.021,744.191,6056.02,4,929.104,86.0541,100.34,526.62,3.76869
6.2,157.368,740.637,6108.28,4,945.475,86.0738,100.351,522.649,3.74027
6.3,158.704,737.109,6160.15,4,961.865,86.0938,100.362,518.698,3.712
6.4,160.03,733.609,6211.63,4,978.27,86.1139,100.374,514.768,3.68388
6.5,161.346,730.135,6262.72,4,994.688,86.1341,100.385,510.859,3.6559
6.6,162.652,726.688,6313.41,4,1011.12,86.1546,100.397,506.971,3.62808
6.7,163.948,723.267,6363.72,4,1027.55,86.1752,100.408,503.104,3.6004
6.8,165.235,719.872,6413.65,4,1043.99,86.1959,100.42,499.258,3.57288
6.9,166.511,716.503,6463.19,4,1060.44,86.2168,100.432,495.433,3.52595
7,167.778,713.16,6512.36,4,1076.89,86.2379,100.444,491.628,3.51828
7.1,169.034,709.842,6561.14,4,1093.33,86.2591,100.456,487.845,3.4912
7.2,170.282,706.551,6609.55,4,1109.77,86.2805,100.469,484.083,3.46428
7.3,171.519,703.284,6657.58,4,1126.21,86.3021,100.481,480.342,3.43751
7.4,172.747,700.043,6705.25,4,1142.64,86.3238,100.494,476.622,3.41089
7.5,173.965,696.827,6752.54,4,1159.06,86.3456,100.507,472.924,3.38442
7.6,175.174,693.637,6799.46,4,1175.47,86.3676,100.519,469.246,3.3581
7.7,176.374,690.471,6846.02,4,1191.86,86.3898,100.533,465.59,3.33194
7.8,177.564,687.329,6892.22,4,1208.24,86.4121,100.546,461.954,3.30592
7.9,178.745,684.213,6938.05,4,1224.6,86.4345,100.559,458.34,3.26197
8,179.916,681.12,6983.53,4,1240.94,86.4571,100.573,454.748,3.25435
8.1,181.079,787.576,5418,5,1257.26,86.4745,100.586,451.176,3.22879
8.2,182.084,785.531,5448.07,5,1273.56,86.4919,100.6,300.698,2.79162
8.3,183.083,783.498,5477.97,5,1287.73,86.5094,100.613,299,2.77586
8.4,184.077,781.476,5507.7,5,1301.91,86.5271,100.627,297.308,2.76015
8.5,185.065,779.466,5537.26,5,1316.08,86.5448,100.641,295.622,2.7445
8.6,186.047,777.467,5566.66,5,1330.24,86.5626,100.655,293.941,2.72889
8.7,187.024,775.48,5595.88,5,1344.4,86.5805,100.668,292.267,2.71334
8.8,187.995,773.504,5624.94,5,1358.56,86.5985,100.682,290.598,2.69785
8.9,188.961,771.539,5653.84,5,1372.7,86.6166,100.696,288.935,2.67362
9,189.921,769.586,5682.57,5,1386.84,86.6347,100.711,287.277,2.66702
9.1,190.875,767.643,5711.13,5,1400.97,86.653,100.725,285.626,2.65169
9.2,191.825,765.712,5739.53,5,1415.09,86.6714,100.739,283.98,2.63642
9.3,192.768,763.792,5767.76,5,1429.2,86.6898,100.753,282.341,2.6212
9.4,193.706,761.884,5795.83,5,1443.29,86.7084,100.767,280.707,2.60603
9.5,194.639,759.986,5823.74,5,1457.38,86.727,100.782,279.08,2.59092
9.6,195.566,758.099,5851.48,5,1471.45,86.7457,100.796,277.458,2.57587
9.7,196.488,756.223,5879.07,5,1485.5,86.7645,100.811,275.843,2.56087
9.8,197.405,754.359,5906.49,5,1499.54,86.7834,100.825,274.234,2.54593
9.9,198.316,752.505,5933.76,5,1513.56,86.8024,100.84,272.63,2.52275
10,199.222,750.662,5960.86,5,1527.57,86.8215,100.855,271.033,2.51622
10.1,200.122,748.829,5987.8,5,1541.55,86.8406,100.87,269.442,2.50145
10.2,201.018,747.008,6014.59,5,1555.52,86.8599,100.884,267.857,2.48673
10.3,201.908,745.197,6041.22,5,1569.47,86.8792,100.899,266.279,2.47208
10.4,202.792,743.397,6067.69,5,1583.4,86.8986,100.914,264.706,2.45748
10.5,203.672,741.608,6094,5,1597.3,86.9181,100.929,263.14,2.44294
10.6,204.546,739.829,6120.16,5,1611.19,86.9377,100.945,261.58,2.42846
10.7,205.415,738.061,6146.16,5,1625.05,86.9574,100.96,260.026,2.41403
10.8,206.279,736.303,6172.01,5,1638.89,86.9771,100.975,258.479,2.39967
10.9,207.138,734.556,6197.7,5,1652.7,86.9969,100.99,256.938,2.37754
11,207.991,732.819,6223.24,5,1666.49,87.0169,101.006,255.403,2.37111
11.1,208.84,731.093,6248.63,5,1680.25,87.0368,101.021,253.874,2.35692
11.2,209.683,729.377,6273.87,5,1693.99,87.0569,101.037,252.352,2.34279
11.3,210.521,727.671,6298.95,5,1707.7,87.0771,101.052,250.836,2.32871
11.4,211.355,725.976,6323.88,5,1721.38,87.0973,101.068,249.327,2.3147
11.5,212.183,724.291,6348.66,5,1735.03,87.1176,101.084,247.824,2.30074
11.6,213.006,722.616,6373.3,5,1748.66,87.138,101.1,246.327,2.28685
11.7,213.825,720.951,6397.78,5,1762.26,87.1585,101.115,244.836,2.27301
11.8,214.638,719.296,6422.12,5,1775.82,87.179,101.131,243.352,2.25923
11.9,215.446,717.651,6446.3,5,1789.36,87.1996,101.147,241.875,2.23816
12,216.25,716.017,6470.34,5,1802.86,87.2203,101.164,240.404,2.23186
12.1,217.048,714.392,6494.24,5,1816.33,87.2411,101.18,238.939,2.21826
12.2,217.842,712.777,6517.99,5,1829.77,87.262,101.196,237.48,2.20472
12.3,218.631,711.172,6541.59,5,1843.18,87.2829,101.212,236.029,2.19124
12.4,219.415,709.577,6565.05,5,1856.55,87.3039,101.229,234.583,2.17782
12.5,220.194,707.991,6588.36,5,1869.89,87.325,101.245,233.144,2.16446
12.6,220.969,706.416,6611.53,5,1883.2,87.3461,101.262,231.712,2.15116
12.7,221.738,704.85,6634.56,5,1896.47,87.3674,101.278,230.285,2.13792
12.8,222.503,703.294,6657.45,5,1909.7,87.3887,101.295,228.866,2.12474
12.9,223.263,701.747,6680.19,5,1922.9,87.41,101.312,227.453,2.10471
13,224.019,700.21,6702.8,5,1936.06,87.4315,101.328,226.046,2.09856
13.1,224.77,698.682,6725.26,5,1949.18,87.453,101.345,224.646,2.08556
13.2,225.516,697.164,6747.59,5,1962.27,87.4746,101.362,223.252,2.07262
13.3,226.257,695.655,6769.77,5,1975.32,87.4962,101.379,221.864,2.05975
13.4,226.994,694.156,6791.82,5,1988.33,87.518,101.396,220.484,2.04693
13.5,227.726,692.666,6813.73,5,2001.3,87.5398,101.413,219.109,2.03417
13.6,228.454,691.185,6835.51,5,2014.24,87.5616,101.431,217.741,2.02147
13.7,229.177,689.714,6857.15,5,2027.13,87.5836,101.448,216.38,2.00883
13.8,229.896,688.252,6878.65,5,2039.99,87.6056,101.465,215.025,1.99625
13.9,230.61,686.799,6900.02,5,2052.8,87.6277,101.483,213.676,1.97723
14,231.32,685.355,6921.25,5,2065.57,87.6498,101.5,212.334,1.97127
14.1,232.025,683.92,6942.35,5,2078.31,87.672,101.518,210.999,1.95887
14.2,232.726,682.495,6963.32,5,2091,87.6943,101.535,209.669,1.94653
14.3,233.422,681.078,6984.15,5,2103.65,87.7166,101.553,208.347,1.93425
14.4,234.114,785.315,5451.25,6,2116.25,87.7338,101.571,207.03,1.92203
14.5,234.691,784.401,5464.69,6,2128.82,87.7511,101.589,134.396,1.60331
14.6,235.265,783.492,5478.06,6,2139.33,87.7683,101.606,133.719,1.59522
14.7,235.837,782.587,5491.36,6,2149.81,87.7857,101.624,133.043,1.58716
14.8,236.405,781.687,5504.6,6,2160.27,87.803,101.642,132.37,1.57914
14.9,236.971,780.792,5517.77,6,2170.69,87.8204,101.659,131.7,1.56802
15,237.534,779.901,5530.87,6,2181.09,87.8379,101.677,131.032,1.56317
15.1,238.094,779.014,5543.91,6,2191.46,87.8553,101.695,130.366,1.55523
15.2,238.651,778.132,5556.88,6,2201.81,87.8729,101.712,129.703,1.54732
15.3,239.205,777.255,5569.79,6,2212.12,87.8904,101.73,129.042,1.53943
15.4,239.756,776.382,5582.62,6,2222.41,87.908,101.748,128.384,1.53158
15.5,240.305,775.513,5595.4,6,2232.66,87.9257,101.765,127.728,1.52375
15.6,240.85,774.649,5608.1,6,2242.89,87.9434,101.783,127.074,1.51596
15.7,241.393,773.789,5620.75,6,2253.09,87.9611,101.801,126.423,1.50819
15.8,241.934,772.934,5633.32,6,2263.26,87.9788,101.818,125.775,1.50045
15.9,242.471,772.083,5645.84,6,2273.4,87.9967,101.836,125.129,1.48978
16,243.006,771.237,5658.28,6,2283.51,88.0145,101.854,124.485,1.48507
16.1,243.537,770.394,5670.67,6,2293.59,88.0151,101.871,123.844,1.47741
16.2,244.067,769.557,5682.99,6,2303.64,88.0156,101.888,123.205,1.46979
16.3,244.593,768.723,5695.25,6,2313.67,88.0162,101.905,122.568,1.4622
16.4,245.117,767.894,5707.44,6,2323.66,88.0168,101.922,121.934,1.45464
16.5,245.638,767.069,5719.57,6,2333.62,88.0174,101.938,121.303,1.4471
16.6,246.156,766.249,5731.64,6,2343.55,88.0179,101.955,120.674,1.4396
16.7,246.671,765.432,5743.64,6,2353.45,88.0185,101.97,120.047,1.43212
16.8,247.184,764.62,5755.58,6,2363.32,88.0191,101.986,119.423,1.42468
16.9,247.694,763.812,5767.46,6,2373.15,88.0197,102.002,118.801,1.41445
17,248.202,763.009,5779.28,6,2382.96,88.0203,102.017,118.182,1.40987
17.1,248.707,762.209,5791.04,6,2392.74,88.0209,102.032,117.565,1.40251
17.2,249.209,761.414,5802.73,6,2402.48,88.0215,102.047,116.951,1.39518
17.3,249.709,760.623,5814.37,6,2412.19,88.0221,102.062,116.339,1.38788
17.4,250.206,759.836,5825.94,6,2421.88,88.0228,102.076,115.729,1.38061
17.5,250.7,759.053,5837.45,6,2431.53,88.0234,102.09,115.122,1.37337
17.6,251.192,758.274,5848.91,6,2441.15,88.024,102.104,114.517,1.36616
17.7,251.681,757.5,5860.3,6,2450.73,88.0246,102.118,113.915,1.35897
17.8,252.168,756.729,5871.63,6,2460.29,88.0252,102.132,113.316,1.35182
17.9,252.652,755.963,5882.9,6,2469.81,88.0259,102.145,112.718,1.34202
18,253.134,755.2,5894.11,6,2479.3,88.0265,102.158,112.123,1.3376
18.1,253.613,754.442,5905.27,6,2488.76,88.0272,102.171,111.531,1.33053
18.2,254.089,753.688,5916.36,6,2498.19,88.0278,102.184,110.941,1.32349
18.3,254.563,752.937,5927.39,6,2507.59,88.0284,102.197,110.353,1.31648
18.4,255.034,752.191,5938.37,6,2516.95,88.0291,102.209,109.768,1.3095
18.5,255.503,751.448,5949.29,6,2526.28,88.0298,102.222,109.185,1.30255
18.6,255.97,750.71,5960.15,6,2535.58,88.0304,102.234,108.605,1.29562
18.7,256.434,749.975,5970.95,6,2544.85,88.0311,102.246,108.027,1.28873
18.8,256.895,749.244,5981.7,6,2554.08,88.0317,102.257,107.452,1.28186
18.9,257.354,748.518,5992.39,6,2563.28,88.0324,102.269,106.878,1.2725
19,257.811,747.795,6003.02,6,2572.45,88.0331,102.281,106.308,1.26822
19.1,258.265,747.076,6013.59,6,2581.58,88.0337,102.292,105.74,1.26144
19.2,258.717,746.361,6024.11,6,2590.69,88.0344,102.303,105.174,1.25469
19.3,259.166,745.649,6034.57,6,2599.76,88.0351,102.314,104.61,1.24797
19.4,259.613,744.942,6044.97,6,2608.79,88.0358,102.325,104.049,1.24128
19.5,260.057,744.238,6055.32,6,2617.8,88.0365,102.335,103.491,1.23461
19.6,260.499,743.538,6065.62,6,2626.77,88.0372,102.346,102.934,1.22798
19.7,260.939,742.842,6075.86,6,2635.71,88.0379,102.356,102.381,1.22137
19.8,261.376,742.149,6086.04,6,2644.61,88.0386,102.367,101.829,1.21479
19.9,261.811,741.461,6096.17,6,2653.48,88.0393,102.377,101.28,1.20584
20,262.244,740.776,6106.24,6,2662.32,88.04,102.387,100.734,1.20172
20.1,262.674,740.094,6116.26,6,2671.13,88.0407,102.396,100.189,1.19523
20.2,263.102,739.417,6126.22,6,2679.9,88.0414,102.406,99.6473,1.18876
20.3,263.528,738.743,6136.13,6,2688.64,88.0421,102.416,99.1078,1.18232
20.4,263.951,738.073,6145.99,6,2697.35,88.0428,102.425,98.5706,1.17592
20.5,264.372,737.406,6155.79,6,2706.02,88.0435,102.434,98.0358,1.16954
20.6,264.791,736.743,6165.54,6,2714.66,88.0442,102.443,97.5034,1.16318
20.7,265.207,736.084,6175.24,6,2723.26,88.045,102.453,96.9733,1.15686
20.8,265.621,735.428,6184.89,6,2731.84,88.0457,102.461,96.4456,1.15057
20.9,266.033,734.775,6194.48,6,2740.38,88.0464,102.47,95.9202,1.14203
21,266.443,734.127,6204.02,6,2748.88,88.0472,102.479,95.3972,1.13806
21.1,266.851,733.482,6213.51,6,2757.36,88.0479,102.487,94.8765,1.13185
21.2,267.256,732.84,6222.94,6,2765.8,88.0486,102.496,94.3581,1.12566
21.3,267.659,732.202,6232.33,6,2774.2,88.0494,102.504,93.8421,1.11951
21.4,268.06,731.567,6241.66,6,2782.58,88.0501,102.512,93.3284,1.11338
21.5,268.458,730.936,6250.94,6,2790.92,88.0509,102.52,92.817,1.10728
21.6,268.855,730.308,6260.17,6,2799.22,88.0516,102.528,92.308,1.1012
21.7,269.249,729.684,6269.35,6,2807.5,88.0524,102.536,91.8012,1.09516
21.8,269.641,729.063,6278.48,6,2815.74,88.0531,102.544,91.2968,1.08914
21.9,270.031,728.446,6287.56,6,2823.94,88.0539,102.552,90.7946,1.081
22,270.419,727.832,6296.59,6,2832.12,88.0547,102.559,90.2948,1.07719
22.1,270.804,727.221,6305.57,6,2840.26,88.0554,102.567,89.7973,1.07125
22.2,271.188,726.614,6314.5,6,2848.36,88.0562,102.574,89.302,1.06534
22.3,271.569,726.01,6323.38,6,2856.44,88.057,102.581,88.8091,1.05946
22.4,271.949,725.41,6332.21,6,2864.48,88.0577,102.588,88.3184,1.05361
22.5,272.326,724.812,6341,6,2872.49,88.0585,102.595,87.8299,1.04778
22.6,272.701,724.218,6349.73,6,2880.46,88.0593,102.602,87.3438,1.04198
22.7,273.074,723.628,6358.42,6,2888.4,88.0601,102.609,86.8599,1.03621
22.8,273.445,723.04,6367.05,6,2896.31,88.0609,102.616,86.3783,1.03047
22.9,273.814,722.456,6375.64,6,2904.18,88.0616,102.623,85.8989,1.02271
23,274.181,721.875,6384.19,6,2912.02,88.0624,102.629,85.4218,1.01905
23.1,274.546,721.298,6392.68,6,2919.83,88.0632,102.636,84.9469,1.01339
23.2,274.908,720.723,6401.13,6,2927.61,88.064,102.642,84.4742,1.00775
23.3,275.269,720.152,6409.53,6,2935.35,88.0648,102.649,84.0038,1.00214
23.4,275.628,719.584,6417.88,6,2943.06,88.0656,102.655,83.5356,0.996553
23.5,275.985,719.019,6426.19,6,2950.74,88.0664,102.661,83.0696,0.990994
23.6,276.339,718.457,6434.45,6,2958.38,88.0672,102.667,82.6058,0.985461
23.7,276.692,717.899,6442.66,6,2965.99,88.068,102.673,82.1442,0.979955
23.8,277.043,717.343,6450.83,6,2973.57,88.0688,102.679,81.6849,0.974475
23.9,277.392,716.791,6458.96,6,2981.11,88.0696,102.685,81.2277,0.967098
24,277.739,716.242,6467.03,6,2988.63,88.0705,102.691,80.7727,0.963593
24.1,278.084,715.696,6475.06,6,2996.1,88.0713,102.696,80.3199,0.958191
24.2,278.427,715.152,6483.05,6,3003.55,88.0721,102.702,79.8693,0.952815
24.3,278.768,714.612,6490.99,6,3010.97,88.0729,102.708,79.4208,0.947465
24.4,279.107,714.075,6498.89,6,3018.35,88.0737,102.713,78.9745,0.942141
24.5,279.444,713.541,6506.74,6,3025.7,88.0746,102.718,78.5304,0.936842
24.6,279.78,713.01,6514.55,6,3033.01,88.0754,102.724,78.0884,0.931569
24.7,280.113,712.482,6522.32,6,3040.3,88.0762,102.729,77.6485,0.926322
24.8,280.445,711.957,6530.04,6,3047.55,88.0771,102.734,77.2108,0.921101
24.9,280.774,711.435,6537.72,6,3054.77,88.0779,102.739,76.7752,0.914087
25,281.102,710.916,6545.35,6,3061.96,88.0787,102.745,76.3418,0.910733
25.1,281.428,710.4,6552.94,6,3069.11,88.0796,102.75,75.9105,0.905588
25.2,281.752,709.887,6560.49,6,3076.23,88.0804,102.755,75.4813,0.900467
25.3,282.075,709.376,6568,6,3083.33,88.0813,102.759,75.0541,0.895372
25.4,282.395,708.869,6575.46,6,3090.38,88.0821,102.764,74.6291,0.890302
25.5,282.714,708.364,6582.88,6,3097.41,88.083,102.769,74.2062,0.885257
25.6,283.031,707.862,6590.26,6,3104.41,88.0838,102.774,73.7854,0.880236
25.7,283.346,707.364,6597.59,6,3111.37,88.0847,102.778,73.3666,0.875241
25.8,283.659,706.868,6604.89,6,3118.3,88.0855,102.783,72.95,0.87027
25.9,283.971,706.374,6612.14,6,3125.2,88.0864,102.788,72.5354,0.863607
26,284.28,705.884,6619.35,6,3132.07,88.0872,102.792,72.1228,0.860402
26.1,284.588,705.396,6626.53,6,3138.91,88.0881,102.797,71.7123,0.855505
26.2,284.895,704.911,6633.66,6,3145.71,88.089,102.801,71.3039,0.850633
26.3,285.199,704.429,6640.75,6,3152.48,88.0898,102.805,70.8975,0.845785
26.4,285.502,703.95,6647.8,6,3159.23,88.0907,102.81,70.4931,0.840961
26.5,285.803,703.473,6654.8,6,3165.94,88.0916,102.814,70.0908,0.836161
26.6,286.102,702.999,6661.77,6,3172.62,88.0924,102.818,69.6905,0.831385
26.7,286.4,702.528,6668.7,6,3179.26,88.0933,102.822,69.2922,0.826633
26.8,286.696,702.06,6675.59,6,3185.88,88.0942,102.826,68.8959,0.821906
26.9,286.99,701.594,6682.44,6,3192.47,88.0951,102.83,68.5015,0.81558
27,287.282,701.131,6689.25,6,3199.02,88.0959,102.834,68.1092,0.812522
27.1,287.573,700.67,6696.03,6,3205.55,88.0968,102.838,67.7189,0.807865
27.2,287.862,700.212,6702.76,6,3212.04,88.0977,102.842,67.3306,0.803232
27.3,288.15,699.757,6709.45,6,3218.5,88.0986,102.846,66.9442,0.798623
27.4,288.436,699.305,6716.11,6,3224.94,88.0995,102.85,66.5598,0.794037
27.5,288.72,698.855,6722.73,6,3231.34,88.1004,102.853,66.1774,0.789475
27.6,289.003,698.407,6729.31,6,3237.71,88.1013,102.857,65.7969,0.784936
27.7,289.284,697.962,6735.85,6,3244.05,88.1022,102.861,65.4183,0.78042
27.8,289.563,697.52,6742.35,6,3250.36,88.1031,102.864,65.0417,0.775927
27.9,289.841,697.08,6748.82,6,3256.64,88.104,102.868,64.667,0.769926
28,290.117,696.643,6755.25,6,3262.89,88.1049,102.872,64.2942,0.76701
28.1,290.391,696.208,6761.64,6,3269.11,88.1058,102.875,63.9234,0.762586
28.2,290.664,695.776,6768,6,3275.3,88.1067,102.879,63.5545,0.758185
28.3,290.936,695.347,6774.31,6,3281.46,88.1076,102.882,63.1874,0.753806
28.4,291.205,694.919,6780.6,6,3287.59,88.1085,102.885,62.8223,0.74945
28.5,291.474,694.495,6786.84,6,3293.69,88.1094,102.889,62.4591,0.745117
28.6,291.74,694.072,6793.05,6,3299.76,88.1103,102.892,62.0977,0.740806
28.7,292.005,693.653,6799.23,6,3305.8,88.1112,102.895,61.7382,0.736517
28.8,292.269,693.235,6805.36,6,3311.81,88.1121,102.899,61.3806,0.732251
28.9,292.531,692.82,6811.47,6,3317.8,88.113,102.902,61.0248,0.726562
29,292.792,692.408,6817.53,6,3323.75,88.114,102.905,60.6709,0.723784
29.1,293.051,691.997,6823.57,6,3329.67,88.1149,102.908,60.3188,0.719584
29.2,293.308,691.59,6829.56,6,3335.57,88.1158,102.911,59.9686,0.715406
29.3,293.564,691.184,6835.53,6,3341.43,88.1167,102.914,59.6202,0.71125
29.4,293.819,690.781,6841.45,6,3347.27,88.1176,102.917,59.2736,0.707115
29.5,294.072,690.381,6847.35,6,3353.08,88.1186,102.92,58.9289,0.703003
29.6,294.324,689.982,6853.2,6,3358.86,88.1195,102.923,58.5859,0.698911
29.7,294.574,689.586,6859.03,6,3364.61,88.1204,102.926,58.2448,0.694842
29.8,294.822,689.192,6864.82,6,3370.33,88.1214,102.929,57.9054,0.690793
29.9,295.07,688.801,6870.58,6,3376.02,88.1223,102.932,57.5679,0.685403
30,295.315,688.412,6876.3,6,3381.68,88.1232,102.935,57.2321,0.682761
30.1,295.56,688.025,6881.99,6,3387.32,88.1242,102.938,56.8981,0.678776
30.2,295.803,687.64,6887.65,6,3392.93,88.1251,102.941,56.5658,0.674813
30.3,296.044,687.258,6893.27,6,3398.51,88.126,102.944,56.2354,0.67087
30.4,296.284,686.878,6898.86,6,3404.06,88.127,102.946,55.9066,0.666948
30.5,296.523,686.5,6904.42,6,3409.58,88.1279,102.949,55.5797,0.663048
30.6,296.76,686.124,6909.94,6,3415.08,88.1289,102.952,55.2544,0.659168
30.7,296.996,685.75,6915.44,6,3420.55,88.1298,102.954,54.9309,0.655308
30.8,297.231,685.379,6920.9,6,3425.99,88.1307,102.957,54.6091,0.65147
30.9,297.464,685.01,6926.33,6,3431.4,88.1317,102.96,54.2891,0.646366
31,297.696,684.643,6931.72,6,3436.79,88.1326,102.962,53.9707,0.643854
31.1,297.926,684.278,6937.09,6,3442.15,88.1336,102.965,53.6541,0.640076
31.2,298.155,683.915,6942.42,6,3447.48,88.1346,102.967,53.3391,0.636319
31.3,298.383,683.555,6947.72,6,3452.78,88.1355,102.97,53.0258,0.632582
31.4,298.609,683.196,6953,6,3458.06,88.1365,102.972,52.7143,0.628864
31.5,298.834,682.84,6958.24,6,3463.31,88.1374,102.975,52.4044,0.625167
31.6,299.058,682.486,6963.45,6,3468.53,88.1384,102.977,52.0961,0.62149
31.7,299.281,682.133,6968.63,6,3473.72,88.1393,102.98,51.7895,0.617833
31.8,299.502,681.783,6973.77,6,3478.89,88.1403,102.982,51.4846,0.614195
31.9,299.721,681.435,6978.89,6,3484.04,88.1413,102.985,51.1813,0.609365
32,299.94,681.089,6983.98,6,3489.15,88.1422,102.987,50.8797,0.606978
32.1,300.157,680.745,6989.04,6,3494.24,88.1432,102.989,50.5797,0.603399
32.2,300.373,680.404,6994.07,6,3499.3,88.1442,102.992,50.2813,0.59984
32.3,300.588,680.064,6999.06,6,3504.34,88.1451,102.994,49.9845,0.596299
32.4,300.801,756.406,5876.38,7,3509.35,88.1423,102.996,49.6894,0.592778
32.5,300.957,756.199,5879.42,7,3514.34,88.1395,102.998,30.4008,0.432267
32.6,301.112,755.994,5882.45,7,3517.97,88.1367,103,30.239,0.429966
32.7,301.266,755.789,5885.46,7,3521.59,88.1338,103.002,30.078,0.427677
32.8,301.419,755.586,5888.45,7,3525.19,88.131,103.004,29.9178,0.425399
32.9,301.571,755.383,5891.42,7,3528.78,88.1282,103.006,29.7583,0.422541
33,301.723,755.182,5894.38,7,3532.35,88.1254,103.008,29.5997,0.420876
33.1,301.873,754.982,5897.33,7,3535.9,88.1226,103.01,29.4419,0.418632
33.2,302.023,754.783,5900.26,7,3539.43,88.1198,103.011,29.2848,0.416399
33.3,302.172,754.585,5903.17,7,3542.95,88.1169,103.013,29.1285,0.414176
33.4,302.321,754.388,5906.07,7,3546.45,88.1141,103.014,28.973,0.411965
33.5,302.468,754.192,5908.95,7,3549.93,88.1113,103.016,28.8183,0.409765
33.6,302.615,753.997,5911.81,7,3553.39,88.1085,103.017,28.6643,0.407576
33.7,302.761,753.803,5914.67,7,3556.84,88.1057,103.019,28.5111,0.405398
33.8,302.906,753.61,5917.5,7,3560.27,88.1028,103.02,28.3587,0.403231
33.9,303.05,753.418,5920.32,7,3563.69,88.1,103.021,28.207,0.400514
34,303.194,753.227,5923.13,7,3567.09,88.0972,103.022,28.0561,0.398928
34.1,303.337,753.038,5925.92,7,3570.47,88.0944,103.023,27.906,0.396793
34.2,303.479,752.849,5928.69,7,3573.83,88.0916,103.024,27.7566,0.394669
34.3,303.62,752.661,5931.45,7,3577.18,88.0888,103.025,27.6079,0.392555
34.4,303.761,752.474,5934.2,7,3580.51,88.0859,103.026,27.46,0.390452
34.5,303.901,752.289,5936.93,7,3583.83,88.0831,103.027,27.3129,0.38836
34.6,304.04,752.104,5939.65,7,3587.13,88.0803,103.028,27.1664,0.386278
34.7,304.178,751.92,5942.35,7,3590.41,88.0775,103.029,27.0207,0.384206
34.8,304.316,751.737,5945.04,7,3593.68,88.0747,103.029,26.8758,0.382145
34.9,304.452,751.556,5947.71,7,3596.93,88.0718,103.03,26.7315,0.379563
35,304.588,751.375,5950.37,7,3600.17,88.069,103.03,26.588,0.378054
35.1,304.724,751.195,5953.01,7,3603.39,88.0662,103.031,26.4453,0.376023
35.2,304.858,751.016,5955.65,7,3606.59,88.0634,103.031,26.3032,0.374003
35.3,304.992,750.838,5958.26,7,3609.78,88.0606,103.032,26.1619,0.371994
35.4,305.126,750.661,5960.86,7,3612.95,88.0578,103.032,26.0212,0.369994
35.5,305.258,750.485,5963.45,7,3616.11,88.0549,103.033,25.8813,0.368004
35.6,305.39,750.31,5966.03,7,3619.25,88.0521,103.033,25.7421,0.366025
35.7,305.521,750.136,5968.59,7,3622.37,88.0493,103.033,25.6036,0.364056
35.8,305.651,749.963,5971.13,7,3625.48,88.0465,103.033,25.4658,0.362096
35.9,305.781,749.791,5973.67,7,3628.58,88.0437,103.034,25.3287,0.359644
36,305.91,749.619,5976.18,7,3631.66,88.0409,103.034,25.1923,0.358207
36.1,306.038,749.449,5978.69,7,3634.72,88.0381,103.034,25.0565,0.356277
36.2,306.166,749.28,5981.18,7,3637.77,88.0352,103.034,24.9215,0.354357
36.3,306.293,749.111,5983.66,7,3640.8,88.0324,103.034,24.7872,0.352447
36.4,306.419,748.943,5986.13,7,3643.82,88.0296,103.034,24.6535,0.350546
36.5,306.544,748.777,5988.58,7,3646.82,88.0268,103.034,24.5205,0.348655
36.6,306.669,748.611,5991.02,7,3649.81,88.024,103.033,24.3882,0.346774
36.7,306.793,748.446,5993.44,7,3652.78,88.0212,103.033,24.2566,0.344903
36.8,306.917,748.282,5995.86,7,3655.74,88.0184,103.033,24.1256,0.34304
36.9,307.04,748.119,5998.26,7,3658.69,88.0155,103.033,23.9953,0.340711
37,307.162,747.956,6000.64,7,3661.62,88.0127,103.032,23.8657,0.339345
37.1,307.283,747.795,6003.02,7,3664.53,88.0099,103.032,23.7367,0.337511
37.2,307.404,747.634,6005.38,7,3667.43,88.0071,103.032,23.6084,0.335686
37.3,307.524,747.475,6007.72,7,3670.32,88.0043,103.031,23.4808,0.333871
37.4,307.644,747.316,6010.06,7,3673.19,88.0015,103.031,23.3538,0.332066
37.5,307.763,747.158,6012.38,7,3676.04,87.9987,103.03,23.2274,0.330269
37.6,307.881,747.001,6014.69,7,3678.88,88.0174,103.03,23.1017,0.328482
37.7,307.999,746.845,6016.99,7,3681.71,88.0146,103.03,22.9767,0.326704
37.8,308.116,746.689,6019.28,7,3684.53,88.0118,103.03,22.8523,0.324935
37.9,308.232,746.535,6021.55,7,3687.32,88.009,103.029,22.7285,0.322723
38,308.348,746.381,6023.81,7,3690.11,88.0061,103.029,22.6053,0.321424
38.1,308.463,746.228,6026.06,7,3692.88,88.0033,103.029,22.4828,0.319682
38.2,308.577,746.076,6028.29,7,3695.64,88.0005,103.028,22.361,0.317949
38.3,308.691,745.925,6030.52,7,3698.38,87.9977,103.028,22.2397,0.316225
38.4,308.804,745.774,6032.73,7,3701.11,88.0165,103.028,22.1191,0.31451
38.5,308.917,745.625,6034.93,7,3703.83,88.0137,103.027,21.9991,0.312804
38.6,309.029,745.476,6037.12,7,3706.53,88.0108,103.027,21.8797,0.311106
38.7,309.14,745.328,6039.29,7,3709.22,88.008,103.027,21.7609,0.309417
38.8,309.251,745.181,6041.46,7,3711.89,88.0052,103.027,21.6428,0.307737
38.9,309.361,745.035,6043.61,7,3714.55,88.0024,103.026,21.5252,0.305638
39,309.471,744.889,6045.75,7,3717.2,87.9995,103.026,21.4083,0.304403
39.1,309.58,744.744,6047.88,7,3719.83,88.0184,103.026,21.292,0.302749
39.2,309.688,744.6,6050,7,3722.45,88.0156,103.025,21.1762,0.301103
39.3,309.796,744.457,6052.1,7,3725.06,88.0127,103.025,21.0611,0.299466
39.4,309.903,744.315,6054.2,7,3727.65,88.0099,103.025,20.9466,0.297838
39.5,310.01,744.173,6056.28,7,3730.24,88.0071,103.025,20.8326,0.296218
39.6,310.116,744.032,6058.35,7,3732.8,88.0043,103.024,20.7193,0.294606
39.7,310.221,743.892,6060.41,7,3735.36,88.0014,103.024,20.6065,0.293003
39.8,310.326,743.752,6062.46,7,3737.9,87.9986,103.024,20.4943,0.291408
39.9,310.431,743.614,6064.5,7,3740.43,88.0175,103.024,20.3827,0.289416
40,310.534,743.476,6066.53,7,3742.94,88.0147,103.024,20.2717,0.288242
40.1,310.638,743.339,6068.55,7,3745.45,88.0118,103.023,20.1613,0.286672
40.2,310.74,743.203,6070.55,7,3747.94,88.009,103.023,20.0514,0.28511
40.3,310.842,743.067,6072.54,7,3750.41,88.0062,103.023,19.9421,0.283556
40.4,310.944,742.932,6074.53,7,3752.88,88.0033,103.023,19.8334,0.28201
40.5,311.045,742.798,6076.5,7,3755.33,88.0005,103.022,19.7252,0.280472
40.6,311.145,742.665,6078.46,7,3757.77,87.9977,103.022,19.6177,0.278942
40.7,311.245,742.532,6080.41,7,3760.2,88.0166,103.022,19.5106,0.27742
40.8,311.344,742.4,6082.35,7,3762.61,88.0138,103.022,19.4042,0.275906
40.9,311.443,742.269,6084.28,7,3765.01,88.011,103.022,19.2982,0.274017
41,311.541,742.138,6086.2,7,3767.4,88.0081,103.021,19.1929,0.272902
41.1,311.639,742.008,6088.11,7,3769.78,88.0053,103.021,19.0881,0.271412
41.2,311.736,741.879,6090.01,7,3772.14,88.0025,103.021,18.9838,0.269929
41.3,311.833,741.751,6091.9,7,3774.5,87.9996,103.02,18.8801,0.268454
41.4,311.929,741.623,6093.78,7,3776.84,88.0186,103.02,18.7769,0.266987
41.5,312.025,741.496,6095.64,7,3779.17,88.0158,103.02,18.6743,0.265528
41.6,312.12,741.37,6097.5,7,3781.48,88.0129,103.02,18.5722,0.264076
41.7,312.214,741.244,6099.35,7,3783.79,88.0101,103.02,18.4706,0.262632
41.8,312.308,741.119,6101.18,7,3786.08,88.0073,103.02,18.3696,0.261195
41.9,312.402,740.995,6103.01,7,3788.36,88.0044,103.02,18.2691,0.259404
42,312.495,740.872,6104.83,7,3790.63,88.0016,103.019,18.1691,0.258345
42.1,312.587,740.749,6106.64,7,3792.89,87.9987,103.019,18.0696,0.256931
42.2,312.679,740.627,6108.43,7,3795.13,88.0178,103.019,17.9707,0.255524
42.3,312.771,740.505,6110.22,7,3797.37,88.0149,103.019,17.8723,0.254125
42.4,312.862,740.384,6112,7,3799.59,88.0121,103.019,17.7744,0.252733
42.5,312.952,740.264,6113.76,7,3801.8,88.0092,103.019,17.677,0.251348
42.6,313.042,740.144,6115.52,7,3804,88.0064,103.019,17.5802,0.249971
42.7,313.132,740.026,6117.27,7,3806.19,88.0036,103.018,17.4838,0.248601
42.8,313.221,739.907,6119.01,7,3808.36,88.0007,103.018,17.388,0.247238
42.9,313.309,739.79,6120.74,7,3810.53,87.9979,103.018,17.2926,0.245539
43,313.397,739.673,6122.46,7,3812.68,88.017,103.018,17.1978,0.244534
43.1,313.485,739.556,6124.17,7,3814.83,88.0141,103.018,17.1035,0.243193
43.2,313.572,739.441,6125.87,7,3816.96,88.0113,103.018,17.0096,0.241859
43.3,313.659,739.326,6127.56,7,3819.08,88.0084,103.018,16.9163,0.240531
43.4,313.745,739.211,6129.24,7,3821.19,88.0056,103.017,16.8234,0.239211
43.5,313.83,739.098,6130.92,7,3823.29,88.0027,103.017,16.7311,0.237898
43.6,313.915,738.984,6132.58,7,3825.37,87.9999,103.017,16.6392,0.236592
43.7,314,738.872,6134.24,7,3827.45,88.019,103.017,16.5478,0.235292
43.8,314.084,738.76,6135.88,7,3829.52,88.0162,103.017,16.4569,0.234
43.9,314.168,738.649,6137.52,7,3831.57,88.0133,103.017,16.3665,0.232389
44,314.252,738.538,6139.15,7,3833.62,88.0105,103.017,16.2765,0.231435
44.1,314.334,738.428,6140.76,7,3835.65,88.0076,103.017,16.1871,0.230163
44.2,314.417,738.319,6142.37,7,3837.67,88.0048,103.016,16.0981,0.228898
44.3,314.499,738.21,6143.98,7,3839.68,88.0019,103.016,16.0096,0.227639
44.4,314.58,738.101,6145.57,7,3841.69,87.9991,103.016,15.9215,0.226387
44.5,314.661,737.994,6147.15,7,3843.68,88.0182,103.016,15.8339,0.225142
44.6,314.742,737.887,6148.73,7,3845.66,88.0154,103.016,15.7468,0.223903
44.7,314.822,737.78,6150.29,7,3847.63,88.0125,103.016,15.6602,0.222671
44.8,314.902,737.674,6151.85,7,3849.59,88.0097,103.016,15.574,0.221445
44.9,314.981,737.569,6153.4,7,3851.54,88.0068,103.016,15.4882,0.219919
45,315.06,737.464,6154.94,7,3853.48,88.004,103.016,15.403,0.219014
45.1,315.138,737.36,6156.47,7,3855.41,88.0011,103.015,15.3181,0.217807
45.2,315.216,737.256,6157.99,7,3857.33,87.9983,103.015,15.2338,0.216608
45.3,315.294,737.153,6159.51,7,3859.24,88.0174,103.015,15.1498,0.215414
45.4,315.371,737.051,6161.02,7,3861.14,88.0146,103.015,15.0664,0.214227
45.5,315.448,736.949,6162.51,7,3863.02,88.0117,103.015,14.9833,0.213047
45.6,315.524,736.848,6164,7,3864.9,88.0089,103.015,14.9007,0.211872
45.7,315.6,736.747,6165.49,7,3866.77,88.006,103.015,14.8186,0.210704
45.8,315.675,736.647,6166.96,7,3868.63,88.0032,103.015,14.7369,0.209542
45.9,315.75,736.547,6168.42,7,3870.48,88.0003,103.014,14.6556,0.208096
46,315.825,736.448,6169.88,7,3872.32,87.9975,103.014,14.5747,0.207237
46.1,315.899,736.349,6171.33,7,3874.15,88.0167,103.014,14.4943,0.206094
46.2,315.973,736.251,6172.77,7,3875.97,88.0138,103.014,14.4144,0.204957
46.3,316.046,736.154,6174.21,7,3877.78,88.011,103.014,14.3348,0.203826
46.4,316.119,736.057,6175.63,7,3879.58,88.0081,103.014,14.2557,0.2027
46.5,316.192,735.961,6177.05,7,3881.38,88.0053,103.014,14.177,0.201581
46.6,316.264,735.865,6178.46,7,3883.16,88.0024,103.014,14.0987,0.200468
46.7,316.336,735.769,6179.86,7,3884.93,87.9996,103.014,14.0208,0.199361
46.8,316.407,735.675,6181.26,7,3886.69,88.0188,103.014,13.9434,0.19826
46.9,316.478,735.58,6182.64,7,3888.45,88.016,103.014,13.8663,0.196889
47,316.549,735.487,6184.02,7,3890.19,88.0131,103.014,13.7897,0.196075
47.1,316.619,735.393,6185.39,7,3891.93,88.0102,103.014,13.7135,0.194991
47.2,316.689,735.301,6186.76,7,3893.66,88.0074,103.013,13.6377,0.193914
47.3,316.758,735.208,6188.11,7,3895.37,88.0045,103.013,13.5623,0.192841
47.4,316.827,735.117,6189.46,7,3897.08,88.0017,103.013,13.4873,0.191775
47.5,316.896,735.025,6190.8,7,3898.78,87.9988,103.013,13.4127,0.190715
47.6,316.964,734.935,6192.14,7,3900.47,88.0181,103.013,13.3385,0.18966
47.7,317.032,734.845,6193.46,7,3902.15,88.0152,103.013,13.2648,0.188611
47.8,317.099,734.755,6194.78,7,3903.82,88.0124,103.013,13.1914,0.187567
47.9,317.167,734.666,6196.09,7,3905.49,88.0095,103.013,13.1184,0.186268
48,317.233,734.577,6197.4,7,3907.14,88.0067,103.013,13.0458,0.185497
48.1,317.3,734.489,6198.7,7,3908.79,88.0038,103.013,12.9735,0.18447
48.2,317.366,734.401,6199.99,7,3910.42,88.0009,103.013,12.9017,0.183449
48.3,317.431,734.314,6201.27,7,3912.05,87.9981,103.012,12.8303,0.182433
48.4,317.497,734.227,6202.55,7,3913.67,88.0174,103.012,12.7592,0.181422
48.5,317.562,734.141,6203.81,7,3915.28,88.0145,103.012,12.6885,0.180417
48.6,317.626,734.055,6205.08,7,3916.88,88.0117,103.012,12.6182,0.179418
48.7,317.691,733.97,6206.33,7,3918.48,88.0088,103.012,12.5483,0.178424
48.8,317.754,733.885,6207.58,7,3920.06,88.0059,103.012,12.4788,0.177435
48.9,317.818,733.8,6208.82,7,3921.64,88.0031,103.012,12.4096,0.176205
49,317.881,733.716,6210.05,7,3923.2,88.0002,103.012,12.3408,0.175474
49.1,317.944,733.633,6211.28,7,3924.76,87.9974,103.012,12.2724,0.174501
49.2,318.006,733.55,6212.5,7,3926.32,88.0167,103.012,12.2044,0.173533
49.3,318.069,733.467,6213.71,7,3927.86,88.0138,103.012,12.1367,0.172571
49.4,318.13,733.385,6214.92,7,3929.39,88.011,103.012,12.0694,0.171614
49.5,318.192,733.304,6216.12,7,3930.92,88.0081,103.012,12.0024,0.170662
49.6,318.253,733.223,6217.32,7,3932.44,88.0052,103.012,11.9358,0.169715
49.7,318.314,733.142,6218.5,7,3933.95,88.0024,103.012,11.8696,0.168773
49.8,318.374,733.062,6219.68,7,3935.45,87.9995,103.011,11.8037,0.167836
49.9,318.434,732.982,6220.86,7,3936.95,88.0189,103.012,11.7382,0.166672
50,318.494,732.902,6222.02,7,3938.43,88.016,103.012,11.6731,0.165978
50.1,318.553,732.823,6223.19,7,3939.91,88.0131,103.012,11.6082,0.165057
50.2,318.612,732.745,6224.34,7,3941.38,88.0103,103.012,11.5438,0.16414
50.3,318.671,732.667,6225.49,7,3942.84,88.0074,103.012,11.4797,0.163229
50.4,318.73,732.589,6226.63,7,3944.3,88.0045,103.011,11.4159,0.162322
50.5,318.788,732.512,6227.76,7,3945.74,88.0017,103.011,11.3525,0.16142
50.6,318.846,732.435,6228.89,7,3947.18,87.9988,103.011,11.2894,0.160524
50.7,318.903,732.359,6230.02,7,3948.61,88.0182,103.011,11.2267,0.159632
50.8,318.96,732.283,6231.13,7,3950.04,88.0153,103.011,11.1643,0.158744
50.9,319.017,732.208,6232.24,7,3951.45,88.0125,103.011,11.1022,0.157642
51,319.073,732.132,6233.35,7,3952.86,88.0096,103.011,11.0405,0.156985
51.1,319.13,732.058,6234.44,7,3954.26,88.0067,103.011,10.9791,0.156112
51.2,319.186,731.984,6235.54,7,3955.66,88.0039,103.011,10.9181,0.155244
51.3,319.241,731.91,6236.62,7,3957.04,88.001,103.011,10.8574,0.15438
51.4,319.296,731.836,6237.7,7,3958.42,87.9981,103.011,10.797,0.153522
51.5,319.351,731.763,6238.78,7,3959.79,88.0176,103.011,10.7369,0.152668
51.6,319.406,731.691,6239.84,7,3961.15,88.0147,103.011,10.6772,0.151818
51.7,319.46,731.618,6240.9,7,3962.51,88.0118,103.011,10.6178,0.150974
51.8,319.514,731.547,6241.96,7,3963.86,88.0089,103.011,10.5587,0.150134
51.9,319.568,731.475,6243.01,7,3965.2,88.0061,103.011,10.4999,0.149089
52,319.622,731.404,6244.05,7,3966.53,88.0032,103.011,10.4415,0.148467
52.1,319.675,731.334,6245.09,7,3967.86,88.0003,103.011,10.3834,0.147641
52.2,319.728,731.263,6246.13,7,3969.18,87.9975,103.01,10.3256,0.146819
52.3,319.78,731.194,6247.15,7,3970.49,88.0169,103.01,10.2681,0.146001
52.4,319.832,731.124,6248.17,7,3971.8,88.014,103.01,10.2109,0.145188
52.5,319.884,731.055,6249.19,7,3973.1,88.0112,103.01,10.154,0.144379
52.6,319.936,730.986,6250.2,7,3974.39,88.0083,103.01,10.0975,0.143575
52.7,319.988,730.918,6251.2,7,3975.67,88.0054,103.01,10.0412,0.142775
52.8,320.039,730.85,6252.2,7,3976.95,88.0025,103.01,9.98526,0.14198
52.9,320.089,730.783,6253.19,7,3978.22,87.9997,103.01,9.92962,0.140991
53,320.14,730.716,6254.18,7,3979.48,88.0192,103.01,9.87429,0.140402
53.1,320.19,730.649,6255.16,7,3980.74,88.0163,103.01,9.81925,0.139619
53.2,320.24,730.582,6256.14,7,3981.99,88.0134,103.01,9.76452,0.138841
53.3,320.29,730.516,6257.11,7,3983.23,88.0105,103.01,9.71008,0.138067
53.4,320.339,730.451,6258.08,7,3984.47,88.0077,103.01,9.65594,0.137297
53.5,320.389,730.385,6259.04,7,3985.7,88.0048,103.01,9.6021,0.136532
53.6,320.437,730.321,6259.99,7,3986.92,88.0019,103.01,9.54855,0.13577
53.7,320.486,730.256,6260.94,7,3988.14,87.999,103.01,9.49529,0.135013
53.8,320.534,730.192,6261.89,7,3989.35,88.0185,103.01,9.44232,0.13426
53.9,320.582,730.128,6262.82,7,3990.55,88.0156,103.01,9.38965,0.133324
54,320.63,730.064,6263.76,7,3991.75,88.0128,103.01,9.33726,0.132766
54.1,320.678,730.001,6264.69,7,3992.94,88.0099,103.01,9.28516,0.132025
54.2,320.725,729.939,6265.61,7,3994.13,88.007,103.01,9.23334,0.131288
54.3,320.772,729.876,6266.53,7,3995.3,88.0041,103.01,9.18181,0.130555
54.4,320.819,729.814,6267.44,7,3996.47,88.0013,103.01,9.13055,0.129827
54.5,320.865,729.752,6268.35,7,3997.64,87.9984,103.01,9.07958,0.129102
54.6,320.911,729.691,6269.25,7,3998.8,88.0179,103.01,9.02889,0.128381
54.7,320.957,729.63,6270.15,7,3999.95,88.015,103.01,8.97848,0.127664
54.8,321.003,729.569,6271.04,7,4001.09,88.0121,103.01,8.92834,0.126951
54.9,321.049,729.509,6271.93,7,4002.23,88.0093,103.01,8.87847,0.126066
55,321.094,729.449,6272.81,7,4003.37,88.0064,103.01,8.82888,0.125537
55.1,321.139,729.389,6273.69,7,4004.49,88.0035,103.01,8.77956,0.124836
55.2,321.183,729.33,6274.56,7,4005.62,88.0006,103.01,8.73052,0.124139
55.3,321.228,729.271,6275.43,7,4006.73,87.9978,103.01,8.68174,0.123445
55.4,321.272,729.212,6276.3,7,4007.84,88.0173,103.01,8.63322,0.122755
55.5,321.316,729.153,6277.15,7,4008.94,88.0144,103.01,8.58498,0.122069
55.6,321.36,729.095,6278.01,7,4010.04,88.0115,103.01,8.537,0.121387
55.7,321.403,729.038,6278.86,7,4011.13,88.0087,103.01,8.48928,0.120708
55.8,321.446,728.98,6279.7,7,4012.21,88.0058,103.01,8.44182,0.120034
55.9,321.489,728.923,6280.54,7,4013.29,88.0029,103.01,8.39463,0.119196
56,321.532,728.866,6281.38,7,4014.37,88,103.009,8.34769,0.118695
56.1,321.574,728.81,6282.21,7,4015.43,87.9971,103.009,8.30101,0.118032
56.2,321.617,728.754,6283.03,7,4016.5,88.0167,103.009,8.25459,0.117371
56.3,321.659,728.698,6283.85,7,4017.55,88.0138,103.009,8.20842,0.116715
56.4,321.701,728.643,6284.67,7,4018.6,88.0109,103.009,8.16251,0.116062
56.5,321.742,728.587,6285.48,7,4019.64,88.0081,103.009,8.11685,0.115413
56.6,321.783,728.532,6286.29,7,4020.68,88.0052,103.009,8.07144,0.114767
56.7,321.824,728.478,6287.09,7,4021.72,88.0023,103.009,8.02628,0.114125
56.8,321.865,728.424,6287.89,7,4022.74,87.9994,103.009,7.98136,0.113486
56.9,321.906,728.37,6288.68,7,4023.76,88.019,103.009,7.9367,0.112694
57,321.946,728.316,6289.47,7,4024.78,88.0161,103.009,7.89228,0.11222
57.1,321.987,728.263,6290.26,7,4025.79,88.0132,103.009,7.84811,0.111592
57.2,322.026,728.21,6291.04,7,4026.8,88.0103,103.009,7.80417,0.110967
57.3,322.066,728.157,6291.81,7,4027.79,88.0075,103.009,7.76048,0.110346
57.4,322.106,728.104,6292.58,7,4028.79,88.0046,103.009,7.71703,0.109728
57.5,322.145,728.052,6293.35,7,4029.78,88.0017,103.009,7.67382,0.109114
57.6,322.184,728,6294.11,7,4030.76,87.9988,103.009,7.63085,0.108503
57.7,322.223,727.949,6294.87,7,4031.74,88.0184,103.009,7.58812,0.107895
57.8,322.262,727.897,6295.63,7,4032.71,88.0155,103.009,7.54562,0.107291
57.9,322.3,727.846,6296.38,7,4033.68,88.0126,103.009,7.50335,0.106541
58,322.338,727.796,6297.12,7,4034.64,88.0097,103.009,7.46132,0.106092
58.1,322.376,727.745,6297.87,7,4035.59,88.0069,103.009,7.41952,0.105498
58.2,322.414,727.695,6298.6,7,4036.54,88.004,103.009,7.37795,0.104907
58.3,322.451,727.645,6299.34,7,4037.49,88.0011,103.009,7.33661,0.104319
58.4,322.489,727.595,6300.07,7,4038.43,87.9982,103.009,7.29549,0.103734
58.5,322.526,727.546,6300.79,7,4039.37,88.0178,103.009,7.25461,0.103153
58.6,322.563,727.497,6301.51,7,4040.3,88.0149,103.009,7.21395,0.102575
58.7,322.6,727.448,6302.23,7,4041.22,88.0121,103.009,7.17351,0.102
58.8,322.636,727.4,6302.94,7,4042.14,88.0092,103.009,7.1333,0.101428
58.9,322.672,727.352,6303.65,7,4043.06,88.0063,103.009,7.0933,0.100718
59,322.708,727.304,6304.36,7,4043.97,88.0034,103.009,7.05353,0.100294
59.1,322.744,727.256,6305.06,7,4044.87,88.0005,103.009,7.01398,0.0997313
59.2,322.78,727.208,6305.76,7,4045.77,87.9976,103.009,6.97465,0.0991721
59.3,322.816,727.161,6306.45,7,4046.67,88.0173,103.009,6.93554,0.0986159
59.4,322.851,727.114,6307.14,7,4047.56,88.0144,103.009,6.89664,0.0980628
59.5,322.886,727.068,6307.83,7,4048.44,88.0115,103.009,6.85795,0.0975128
59.6,322.921,727.021,6308.51,7,4049.32,88.0086,103.009,6.81948,0.0969658
59.7,322.956,726.975,6309.19,7,4050.2,88.0057,103.009,6.78123,0.0964218
59.8,322.99,726.929,6309.86,7,4051.07,88.0028,103.009,6.74318,0.0958808
59.9,323.024,726.884,6310.53,7,4051.94,87.9999,103.009,6.70535,0.0952097
60,323.059,726.838,6311.2,7,4052.8,88.0196,103.009,6.66772,0.0948078
60.1,323.093,726.793,6311.86,7,4053.65,88.0167,103.009,6.6303,0.0942758
60.2,323.126,726.749,6312.52,7,4054.51,88.0138,103.009,6.59309,0.0937467
60.3,323.16,726.704,6313.18,7,4055.35,88.0109,103.009,6.55609,0.0932205
60.4,323.193,726.66,6313.83,7,4056.2,88.008,103.009,6.51929,0.0926973
60.5,323.226,726.616,6314.48,7,4057.03,88.0051,103.009,6.48269,0.0921769
60.6,323.259,726.572,6315.12,7,4057.87,88.0022,103.009,6.4463,0.0916594
60.7,323.292,726.528,6315.76,7,4058.69,87.9994,103.009,6.4101,0.0911448
60.8,323.325,726.485,6316.4,7,4059.52,88.019,103.009,6.37411,0.0906331
60.9,323.357,726.442,6317.03,7,4060.34,88.0161,103.009,6.33832,0.0899982
61,323.39,726.399,6317.66,7,4061.15,88.0132,103.009,6.30273,0.089618
61.1,323.422,726.356,6318.29,7,4061.96,88.0104,103.009,6.26733,0.0891147
61.2,323.454,726.314,6318.91,7,4062.77,88.0075,103.009,6.23213,0.0886142
61.3,323.485,726.272,6319.53,7,4063.57,88.0046,103.009,6.19712,0.0881165
61.4,323.517,726.23,6320.15,7,4064.37,88.0017,103.009,6.16231,0.0876215
61.5,323.548,726.188,6320.76,7,4065.16,87.9988,103.009,6.12769,0.0871292
61.6,323.579,726.147,6321.37,7,4065.95,88.0185,103.009,6.09327,0.0866397
61.7,323.61,726.105,6321.98,7,4066.73,88.0156,103.009,6.05903,0.0861529
61.8,323.641,726.065,6322.58,7,4067.51,88.0127,103.009,6.02498,0.0856688
61.9,323.672,726.024,6323.18,7,4068.29,88.0098,103.009,5.99113,0.0850684
62,323.702,725.983,6323.78,7,4069.06,88.0069,103.009,5.95746,0.0847087
62.1,323.733,725.943,6324.37,7,4069.83,88.004,103.009,5.92398,0.0842326
62.2,323.763,725.903,6324.96,7,4070.59,88.0011,103.009,5.89068,0.0837592
62.3,323.793,725.863,6325.54,7,4071.35,87.9982,103.009,5.85757,0.0832884
62.4,323.823,725.823,6326.13,7,4072.1,88.0179,103.009,5.82464,0.0828202
62.5,323.852,725.784,6326.7,7,4072.85,88.015,103.009,5.7919,0.0823546
62.6,323.882,725.745,6327.28,7,4073.6,88.0121,103.009,5.75933,0.0818916
62.7,323.911,725.706,6327.85,7,4074.34,88.0093,103.009,5.72695,0.0814311
62.8,323.94,725.667,6328.42,7,4075.08,88.0064,103.009,5.69475,0.0809732
62.9,323.969,725.629,6328.99,7,4075.81,88.0035,103.009,5.66273,0.0804054
63,323.998,725.59,6329.55,7,4076.54,88.0006,103.009,5.63088,0.0800651
63.1,324.027,725.552,6330.11,7,4077.26,87.9977,103.009,5.59921,0.0796148
63.2,324.055,725.515,6330.67,7,4077.99,88.0174,103.009,5.56772,0.079167
63.3,324.084,725.477,6331.22,7,4078.7,88.0145,103.009,5.5364,0.0787217
63.4,324.112,725.439,6331.77,7,4079.42,88.0116,103.009,5.50526,0.0782789
63.5,324.14,725.402,6332.32,7,4080.13,88.0087,103.009,5.47429,0.0778385
63.6,324.168,725.365,6332.86,7,4080.83,88.0058,103.009,5.44349,0.0774006
63.7,324.195,725.328,6333.41,7,4081.53,88.0029,103.009,5.41286,0.0769651
63.8,324.223,725.292,6333.94,7,4082.23,88,103.009,5.38241,0.0765321
63.9,324.25,725.255,6334.48,7,4082.92,87.9971,103.008,5.35212,0.0759951
64,324.278,725.219,6335.01,7,4083.61,88.0169,103.009,5.322,0.0756732
64.1,324.305,725.183,6335.54,7,4084.3,88.014,103.009,5.29205,0.0752473
64.2,324.332,725.147,6336.07,7,4084.98,88.0111,103.009,5.26227,0.0748238
64.3,324.358,725.112,6336.59,7,4085.66,88.0082,103.009,5.23265,0.0744027
64.4,324.385,725.076,6337.11,7,4086.34,88.0053,103.009,5.20319,0.0739839
64.5,324.411,725.041,6337.63,7,4087.01,88.0024,103.008,5.1739,0.0735674
64.6,324.438,725.006,6338.14,7,4087.68,87.9995,103.008,5.14478,0.0731532
64.7,324.464,724.972,6338.65,7,4088.34,88.0192,103.009,5.11581,0.0727414
64.8,324.49,724.937,6339.16,7,4089,88.0163,103.009,5.08701,0.0723319
64.9,324.516,724.903,6339.67,7,4089.66,88.0134,103.009,5.05837,0.0718241
65,324.542,724.868,6340.17,7,4090.31,88.0105,103.009,5.02989,0.0715196
65.1,324.567,724.834,6340.67,7,4090.96,88.0076,103.009,5.00156,0.0711169
65.2,324.593,724.801,6341.17,7,4091.6,88.0048,103.009,4.9734,0.0707164
65.3,324.618,724.767,6341.66,7,4092.24,88.0019,103.009,4.94539,0.0703181
65.4,324.643,724.733,6342.16,7,4092.88,87.999,103.008,4.91753,0.069922
65.5,324.668,724.7,6342.64,7,4093.52,88.0187,103.009,4.88983,0.0695282
65.6,324.693,724.667,6343.13,7,4094.15,88.0158,103.009,4.86229,0.0691366
65.7,324.718,724.634,6343.61,7,4094.78,88.0129,103.009,4.8349,0.0687471
65.8,324.742,724.602,6344.09,7,4095.4,88.01,103.009,4.80766,0.0683598
65.9,324.767,724.569,6344.57,7,4096.02,88.0071,103.009,4.78058,0.0678797
66,324.791,724.537,6345.05,7,4096.64,88.0042,103.009,4.75364,0.0675917
66.1,324.815,724.505,6345.52,7,4097.25,88.0013,103.009,4.72686,0.0672109
66.2,324.84,724.473,6345.99,7,4097.86,87.9984,103.008,4.70022,0.0668322
66.3,324.863,724.441,6346.46,7,4098.47,88.0182,103.009,4.67374,0.0664556
66.4,324.887,724.409,6346.92,7,4099.07,88.0153,103.009,4.6474,0.066081
66.5,324.911,724.378,6347.39,7,4099.67,88.0124,103.009,4.62121,0.0657086
66.6,324.934,724.347,6347.84,7,4100.27,88.0095,103.009,4.59516,0.0653383
66.7,324.958,724.315,6348.3,7,4100.87,88.0066,103.009,4.56926,0.06497
66.8,324.981,724.285,6348.76,7,4101.46,88.0037,103.009,4.54351,0.0646038
66.9,325.004,724.254,6349.21,7,4102.04,88.0008,103.009,4.5179,0.0641499
67,325.027,724.223,6349.66,7,4102.63,87.9979,103.008,4.49243,0.0638775
67.1,325.05,724.193,6350.1,7,4103.21,88.0177,103.008,4.4671,0.0635174
67.2,325.073,724.163,6350.55,7,4103.78,88.0148,103.009,4.44192,0.0631593
67.3,325.095,724.133,6350.99,7,4104.36,88.0119,103.009,4.41687,0.0628032
67.4,325.118,724.103,6351.43,7,4104.93,88.009,103.009,4.39197,0.0624491
67.5,325.14,724.073,6351.87,7,4105.5,88.0061,103.009,4.3672,0.062097
67.6,325.162,724.044,6352.3,7,4106.06,88.0032,103.009,4.34258,0.0617468
67.7,325.185,724.014,6352.73,7,4106.62,88.0003,103.008,4.31809,0.0613986
67.8,325.207,723.985,6353.16,7,4107.18,87.9974,103.008,4.29373,0.0610523
67.9,325.228,723.956,6353.59,7,4107.74,88.0172,103.008,4.26952,0.0606232
68,325.25,723.927,6354.01,7,4108.29,88.0143,103.008,4.24544,0.0603656
68.1,325.272,723.898,6354.43,7,4108.84,88.0114,103.008,4.22149,0.0600251
68.2,325.293,723.87,6354.85,7,4109.38,88.0085,103.008,4.19768,0.0596865
68.3,325.315,723.842,6355.27,7,4109.93,88.0056,103.008,4.174,0.0593498
68.4,325.336,723.813,6355.69,7,4110.47,88.0027,103.008,4.15045,0.059015
68.5,325.357,723.785,6356.1,7,4111,87.9998,103.008,4.12704,0.0586821
68.6,325.378,723.757,6356.51,7,4111.54,88.0196,103.008,4.10375,0.058351
68.7,325.399,723.73,6356.92,7,4112.07,88.0167,103.009,4.0806,0.0580218
68.8,325.42,723.702,6357.32,7,4112.6,88.0138,103.009,4.05758,0.0576944
68.9,325.44,723.675,6357.73,7,4113.12,88.0109,103.009,4.03468,0.0572887
69,325.461,723.647,6358.13,7,4113.64,88.008,103.009,4.01191,0.0570451
69.1,325.481,723.62,6358.53,7,4114.16,88.0051,103.009,3.98927,0.0567232
69.2,325.502,723.593,6358.92,7,4114.68,88.0022,103.008,3.96676,0.0564031
69.3,325.522,723.566,6359.32,7,4115.19,87.9993,103.008,3.94437,0.0560847
69.4,325.542,723.54,6359.71,7,4115.7,88.0191,103.009,3.92211,0.0557682
69.5,325.562,723.513,6360.1,7,4116.21,88.0162,103.009,3.89997,0.0554534
69.6,325.582,723.487,6360.49,7,4116.72,88.0133,103.009,3.87796,0.0551404
69.7,325.601,723.461,6360.87,7,4117.22,88.0104,103.009,3.85607,0.0548292
69.8,325.621,723.435,6361.26,7,4117.72,88.0075,103.009,3.8343,0.0545196
69.9,325.641,723.409,6361.64,7,4118.21,88.0046,103.009,3.81265,0.0541361
70,325.66,723.383,6362.02,7,4118.71,88.0017,103.009,3.79113,0.0539058
70.1,325.679,723.357,6362.39,7,4119.2,87.9988,103.008,3.76973,0.0536015
70.2,325.698,723.332,6362.77,7,4119.69,88.0186,103.009,3.74844,0.0532988
70.3,325.717,723.306,6363.14,7,4120.17,88.0157,103.009,3.72728,0.0529979
70.4,325.736,723.281,6363.51,7,4120.65,88.0128,103.009,3.70623,0.0526986
70.5,325.755,723.256,6363.88,7,4121.13,88.0099,103.009,3.6853,0.052401
70.6,325.774,723.231,6364.25,7,4121.61,88.007,103.009,3.66449,0.0521051
70.7,325.793,723.206,6364.61,7,4122.09,88.0041,103.009,3.6438,0.0518109
70.8,325.811,723.182,6364.97,7,4122.56,88.0012,103.009,3.62322,0.0515183
70.9,325.83,723.157,6365.33,7,4123.03,87.9983,103.008,3.60275,0.0511558
71,325.848,723.133,6365.69,7,4123.49,88.0181,103.009,3.58241,0.050938
71.1,325.866,723.109,6366.05,7,4123.96,88.0152,103.009,3.56217,0.0506503
71.2,325.884,723.085,6366.4,7,4124.42,88.0123,103.009,3.54205,0.0503642
71.3,325.902,723.061,6366.76,7,4124.88,88.0094,103.009,3.52204,0.0500797
71.4,325.92,723.037,6367.11,7,4125.34,88.0065,103.009,3.50215,0.0497968
71.5,325.938,723.013,6367.45,7,4125.79,88.0036,103.009,3.48236,0.0495155
71.6,325.956,722.99,6367.8,7,4126.24,88.0007,103.008,3.46269,0.0492357
71.7,325.974,722.966,6368.14,7,4126.69,87.9978,103.008,3.44312,0.0489576
71.8,325.991,722.943,6368.49,7,4127.14,88.0176,103.008,3.42367,0.0486809
71.9,326.008,722.92,6368.83,7,4127.58,88.0147,103.009,3.40433,0.0483383
72,326.026,722.897,6369.17,7,4128.02,88.0118,103.009,3.38509,0.0481324
72.1,326.043,722.874,6369.5,7,4128.46,88.0089,103.009,3.36596,0.0478604
72.2,326.06,722.851,6369.84,7,4128.9,88.006,103.009,3.34694,0.0475899
72.3,326.077,722.828,6370.17,7,4129.33,88.0031,103.008,3.32803,0.047321
72.4,326.094,722.806,6370.5,7,4129.76,88.0002,103.008,3.30922,0.0470536
72.5,326.111,722.784,6370.83,7,4130.19,87.9973,103.008,3.29052,0.0467877
72.6,326.128,722.761,6371.16,7,4130.62,88.0171,103.008,3.27192,0.0465232
72.7,326.144,722.739,6371.48,7,4131.04,88.0142,103.008,3.25343,0.0462603
72.8,326.161,722.717,6371.81,7,4131.46,88.0113,103.008,3.23504,0.0459988
72.9,326.177,722.695,6372.13,7,4131.88,88.0084,103.008,3.21675,0.0456749
73,326.194,722.674,6372.45,7,4132.3,88.0055,103.008,3.19857,0.0454803
73.1,326.21,722.652,6372.77,7,4132.72,88.0026,103.008,3.18049,0.0452232
73.2,326.226,722.63,6373.08,7,4133.13,87.9997,103.008,3.16251,0.0449675
73.3,326.242,722.609,6373.4,7,4133.54,88.0196,103.008,3.14463,0.0447133
73.4,326.258,722.588,6373.71,7,4133.95,88.0166,103.008,3.12686,0.0444605
73.5,326.274,722.567,6374.02,7,4134.35,88.0137,103.009,3.10918,0.0442092
73.6,326.29,722.546,6374.33,7,4134.75,88.0108,103.009,3.0916,0.0439592
73.7,326.306,722.525,6374.64,7,4135.16,88.0079,103.009,3.07412,0.0437107
73.8,326.321,722.504,6374.94,7,4135.55,88.005,103.009,3.05674,0.0434635
73.9,326.337,722.483,6375.25,7,4135.95,88.0021,103.008,3.03945,0.0431574
74,326.353,722.463,6375.55,7,4136.35,87.9992,103.008,3.02226,0.0429734
74.1,326.368,722.442,6375.85,7,4136.74,88.0191,103.008,3.00517,0.0427304
74.2,326.383,722.422,6376.15,7,4137.13,88.0162,103.009,2.98818,0.0424887
74.3,326.398,722.402,6376.44,7,4137.52,88.0133,103.009,2.97128,0.0422484
74.4,326.414,722.382,6376.74,7,4137.9,88.0104,103.009,2.95448,0.0420095
74.5,326.429,722.362,6377.03,7,4138.28,88.0075,103.009,2.93777,0.0417719
74.6,326.444,722.342,6377.33,7,4138.67,88.0045,103.009,2.92115,0.0415356
74.7,326.458,722.322,6377.62,7,4139.05,88.0016,103.008,2.90463,0.0413007
74.8,326.473,722.302,6377.91,7,4139.42,87.9987,103.008,2.8882,0.0410671
74.9,326.488,722.283,6378.19,7,4139.8,88.0186,103.008,2.87186,0.0407778
75,326.502,722.263,6378.48,7,4140.17,88.0157,103.009,2.85562,0.0406038
75.1,326.517,722.244,6378.76,7,4140.54,88.0128,103.009,2.83946,0.0403741
75.2,326.531,722.225,6379.04,7,4140.91,88.0099,103.009,2.8234,0.0401457
75.3,326.546,722.206,6379.33,7,4141.28,88.007,103.009,2.80743,0.0399186
75.4,326.56,722.187,6379.6,7,4141.64,88.0041,103.009,2.79155,0.0396928
75.5,326.574,722.168,6379.88,7,4142,88.0012,103.008,2.77575,0.0394682
75.6,326.588,722.149,6380.16,7,4142.36,87.9983,103.008,2.76005,0.0392449
75.7,326.603,722.131,6380.43,7,4142.72,88.0181,103.008,2.74443,0.0390229
75.8,326.616,722.112,6380.71,7,4143.08,88.0152,103.009,2.7289,0.0388021
75.9,326.63,722.094,6380.98,7,4143.43,88.0123,103.009,2.71346,0.0385286
76,326.644,722.075,6381.25,7,4143.79,88.0094,103.009,2.69811,0.0383642
76.1,326.658,722.057,6381.51,7,4144.14,88.0065,103.009,2.68284,0.0381471
76.2,326.672,722.039,6381.78,7,4144.48,88.0036,103.009,2.66766,0.0379312
76.3,326.685,722.021,6382.05,7,4144.83,88.0007,103.008,2.65256,0.0377166
76.4,326.699,722.003,6382.31,7,4145.18,87.9978,103.008,2.63755,0.0375031
76.5,326.712,721.985,6382.57,7,4145.52,88.0177,103.008,2.62262,0.0372909
76.6,326.725,721.967,6382.83,7,4145.86,88.0148,103.008,2.60778,0.0370798
76.7,326.739,721.95,6383.09,7,4146.2,88.0118,103.009,2.59302,0.03687
76.8,326.752,721.932,6383.35,7,4146.53,88.0089,103.009,2.57834,0.0366613
76.9,326.765,721.915,6383.61,7,4146.87,88.006,103.009,2.56375,0.0364029
77,326.778,721.897,6383.86,7,4147.2,88.0031,103.008,2.54924,0.0362474
77.1,326.791,721.88,6384.12,7,4147.53,88.0002,103.008,2.53481,0.0360423
77.2,326.804,721.863,6384.37,7,4147.86,87.9973,103.008,2.52046,0.0358382
77.3,326.817,721.846,6384.62,7,4148.19,88.0172,103.008,2.50619,0.0356354
77.4,326.83,721.829,6384.87,7,4148.52,88.0143,103.008,2.492,0.0354336
77.5,326.842,721.812,6385.12,7,4148.84,88.0114,103.008,2.4779,0.035233
77.6,326.855,721.795,6385.36,7,4149.16,88.0085,103.008,2.46387,0.0350336
77.7,326.867,721.779,6385.61,7,4149.48,88.0056,103.008,2.44992,0.0348352
77.8,326.88,721.762,6385.85,7,4149.8,88.0027,103.008,2.43605,0.034638
77.9,326.892,721.746,6386.09,7,4150.12,87.9998,103.008,2.42226,0.0343938
78,326.905,721.729,6386.33,7,4150.43,88.0196,103.008,2.40854,0.0342469
78.1,326.917,721.713,6386.57,7,4150.75,88.0167,103.008,2.39491,0.034053
78.2,326.929,721.697,6386.81,7,4151.06,88.0138,103.009,2.38134,0.0338602
78.3,326.941,721.681,6387.05,7,4151.37,88.0109,103.009,2.36786,0.0336684
78.4,326.953,721.665,6387.28,7,4151.67,88.008,103.009,2.35445,0.0334778
78.5,326.965,721.649,6387.52,7,4151.98,88.0051,103.009,2.34112,0.0332882
78.6,326.977,721.633,6387.75,7,4152.28,88.0022,103.008,2.32786,0.0330997
78.7,326.989,721.617,6387.98,7,4152.59,87.9993,103.008,2.31468,0.0329123
78.8,327.001,721.602,6388.21,7,4152.89,88.0192,103.008,2.30157,0.0327259
78.9,327.012,721.586,6388.44,7,4153.19,88.0163,103.009,2.28854,0.0324951
79,327.024,721.571,6388.67,7,4153.48,88.0134,103.009,2.27557,0.0323562
79.1,327.036,721.555,6388.89,7,4153.78,88.0105,103.009,2.26269,0.032173
79.2,327.047,721.54,6389.12,7,4154.07,88.0075,103.009,2.24987,0.0319908
79.3,327.059,721.525,6389.34,7,4154.37,88.0046,103.009,2.23713,0.0318096
79.4,327.07,721.51,6389.57,7,4154.66,88.0017,103.008,2.22446,0.0316294
79.5,327.081,721.495,6389.79,7,4154.95,87.9988,103.008,2.21186,0.0314502
79.6,327.093,721.48,6390.01,7,4155.24,88.0187,103.008,2.19933,0.0312721
79.7,327.104,721.465,6390.23,7,4155.52,88.0158,103.009,2.18687,0.0310949
79.8,327.115,721.45,6390.44,7,4155.81,88.0129,103.009,2.17448,0.0309188
79.9,327.126,721.435,6390.66,7,4156.09,88.01,103.009,2.16216,0.0307007
80,327.137,721.421,6390.87,7,4156.37,88.0071,103.009,2.14991,0.0305695
80.1,327.148,721.406,6391.09,7,4156.65,88.0042,103.009,2.13773,0.0303963
80.2,327.159,721.392,6391.3,7,4156.93,88.0013,103.008,2.12562,0.0302241
80.3,327.17,721.377,6391.51,7,4157.2,87.9984,103.008,2.11358,0.0300529
80.4,327.18,721.363,6391.72,7,4157.48,88.0183,103.008,2.10161,0.0298826
80.5,327.191,721.349,6391.93,7,4157.75,88.0154,103.009,2.0897,0.0297133
80.6,327.202,721.335,6392.14,7,4158.02,88.0124,103.009,2.07786,0.0295449
80.7,327.212,721.321,6392.35,7,4158.29,88.0095,103.009,2.06609,0.0293775
80.8,327.223,721.307,6392.55,7,4158.56,88.0066,103.009,2.05438,0.0292111
80.9,327.233,721.293,6392.75,7,4158.83,88.0037,103.009,2.04274,0.029005
81,327.244,721.279,6392.96,7,4159.1,88.0008,103.008,2.03116,0.028881
81.1,327.254,721.265,6393.16,7,4159.36,87.9979,103.008,2.01965,0.0287173
81.2,327.264,721.251,6393.36,7,4159.62,88.0178,103.008,2.00821,0.0285546
81.3,327.275,721.238,6393.56,7,4159.89,88.0149,103.009,1.99683,0.0283928
81.4,327.285,721.224,6393.76,7,4160.15,88.012,103.009,1.98551,0.0282319
81.5,327.295,721.211,6393.96,7,4160.4,88.0091,103.009,1.97426,0.0280719
81.6,327.305,721.198,6394.15,7,4160.66,88.0062,103.009,1.96307,0.0279128
81.7,327.315,721.184,6394.35,7,4160.92,88.0033,103.008,1.95195,0.0277546
81.8,327.325,721.171,6394.54,7,4161.17,88.0004,103.008,1.94088,0.0275973
81.9,327.335,721.158,6394.74,7,4161.42,87.9974,103.008,1.92988,0.0274026
82,327.344,721.145,6394.93,7,4161.67,88.0174,103.008,1.91895,0.0272854
82.1,327.354,721.132,6395.12,7,4161.92,88.0144,103.008,1.90807,0.0271307
82.2,327.364,721.119,6395.31,7,4162.17,88.0115,103.008,1.89726,0.0269769
82.3,327.374,721.106,6395.5,7,4162.42,88.0086,103.008,1.8865,0.026824
82.4,327.383,721.094,6395.68,7,4162.66,88.0057,103.008,1.87581,0.026672
82.5,327.393,721.081,6395.87,7,4162.91,88.0028,103.008,1.86518,0.0265208
82.6,327.402,721.068,6396.06,7,4163.15,87.9999,103.008,1.8546,0.0263705
82.7,327.412,721.056,6396.24,7,4163.39,88.0198,103.008,1.84409,0.026221
82.8,327.421,721.043,6396.42,7,4163.63,88.0169,103.009,1.83364,0.0260723
82.9,327.43,721.031,6396.61,7,4163.87,88.014,103.009,1.82324,0.0258883
83,327.44,721.018,6396.79,7,4164.11,88.0111,103.009,1.81291,0.0257776
83.1,327.449,721.006,6396.97,7,4164.35,88.0082,103.009,1.80263,0.0256314
83.2,327.458,720.994,6397.15,7,4164.58,88.0053,103.009,1.79241,0.0254861
83.3,327.467,720.982,6397.32,7,4164.81,88.0024,103.008,1.78225,0.0253416
83.4,327.476,720.97,6397.5,7,4165.05,87.9994,103.008,1.77214,0.025198
83.5,327.485,720.958,6397.68,7,4165.28,88.0194,103.009,1.76209,0.0250551
83.6,327.494,720.946,6397.85,7,4165.51,88.0165,103.009,1.7521,0.024913
83.7,327.503,720.934,6398.03,7,4165.73,88.0135,103.009,1.74217,0.0247718
83.8,327.512,720.922,6398.2,7,4165.96,88.0106,103.009,1.73229,0.0246313
83.9,327.521,720.911,6398.37,7,4166.19,88.0077,103.009,1.72247,0.0244575
84,327.53,720.899,6398.54,7,4166.41,88.0048,103.009,1.7127,0.0243528
84.1,327.538,720.887,6398.71,7,4166.63,88.0019,103.009,1.70299,0.0242147
84.2,327.547,720.876,6398.88,7,4166.86,87.999,103.008,1.69334,0.0240774
84.3,327.556,720.864,6399.05,7,4167.08,88.0189,103.009,1.68373,0.0239409
84.4,327.564,720.853,6399.22,7,4167.3,88.016,103.009,1.67419,0.0238051
84.5,327.573,720.842,6399.39,7,4167.51,88.0131,103.009,1.66469,0.0236701
84.6,327.581,720.83,6399.55,7,4167.73,88.0102,103.009,1.65525,0.0235359
84.7,327.59,720.819,6399.72,7,4167.95,88.0073,103.009,1.64586,0.0234024
84.8,327.598,720.808,6399.88,7,4168.16,88.0044,103.009,1.63653,0.0232697
84.9,327.606,720.797,6400.04,7,4168.37,88.0015,103.009,1.62725,0.0231054
85,327.615,720.786,6400.2,7,4168.59,87.9985,103.008,1.61802,0.0230065
85.1,327.623,720.775,6400.37,7,4168.8,88.0185,103.009,1.60884,0.022876
85.2,327.631,720.764,6400.53,7,4169.01,88.0156,103.009,1.59972,0.0227463
85.3,327.639,720.753,6400.68,7,4169.21,88.0127,103.009,1.59065,0.0226173
85.4,327.647,720.743,6400.84,7,4169.42,88.0097,103.009,1.58162,0.022489
85.5,327.655,720.732,6401,7,4169.63,88.0068,103.009,1.57265,0.0223615
85.6,327.663,720.721,6401.16,7,4169.83,88.0039,103.009,1.56373,0.0222346
85.7,327.671,720.711,6401.31,7,4170.04,88.001,103.009,1.55486,0.0221085
85.8,327.679,720.7,6401.47,7,4170.24,87.9981,103.008,1.54605,0.0219831
85.9,327.687,720.69,6401.62,7,4170.44,88.018,103.009,1.53728,0.0218279
86,327.695,720.679,6401.77,7,4170.64,88.0151,103.009,1.52856,0.0217344
86.1,327.703,720.669,6401.92,7,4170.84,88.0122,103.009,1.51989,0.0216111
86.2,327.71,720.659,6402.08,7,4171.04,88.0093,103.009,1.51126,0.0214885
86.3,327.718,720.649,6402.23,7,4171.23,88.0064,103.009,1.50269,0.0213667
86.4,327.726,720.638,6402.38,7,4171.43,88.0035,103.009,1.49417,0.0212454
86.5,327.733,720.628,6402.52,7,4171.62,88.0006,103.008,1.48569,0.0211249
86.6,327.741,720.618,6402.67,7,4171.82,87.9977,103.008,1.47726,0.0210051
86.7,327.748,720.608,6402.82,7,4172.01,88.0176,103.008,1.46888,0.0208859
86.8,327.756,720.598,6402.96,7,4172.2,88.0147,103.009,1.46055,0.0207674
86.9,327.763,720.589,6403.11,7,4172.39,88.0118,103.009,1.45226,0.0206208
87,327.771,720.579,6403.25,7,4172.58,88.0089,103.009,1.44402,0.0205325
87.1,327.778,720.569,6403.4,7,4172.77,88.0059,103.009,1.43583,0.020416
87.2,327.785,720.559,6403.54,7,4172.96,88.003,103.008,1.42768,0.0203001
87.3,327.793,720.55,6403.68,7,4173.14,88.0001,103.008,1.41958,0.020185
87.4,327.8,720.54,6403.82,7,4173.33,87.9972,103.008,1.41153,0.0200704
87.5,327.807,720.53,6403.96,7,4173.51,88.0172,103.008,1.40352,0.0199566
87.6,327.814,720.521,6404.1,7,4173.7,88.0142,103.008,1.39556,0.0198433
87.7,327.821,720.511,6404.24,7,4173.88,88.0113,103.008,1.38764,0.0197307
87.8,327.828,720.502,6404.38,7,4174.06,88.0084,103.008,1.37977,0.0196188
87.9,327.835,720.493,6404.52,7,4174.24,88.0055,103.008,1.37194,0.0194802
88,327.842,720.484,6404.65,7,4174.42,88.0026,103.008,1.36415,0.0193968
88.1,327.849,720.474,6404.79,7,4174.59,87.9997,103.008,1.35641,0.0192867
88.2,327.856,720.465,6404.92,7,4174.77,88.0196,103.008,1.34871,0.0191773
88.3,327.863,720.456,6405.06,7,4174.95,88.0167,103.008,1.34106,0.0190684
88.4,327.87,720.447,6405.19,7,4175.12,88.0138,103.009,1.33345,0.0189602
88.5,327.877,720.438,6405.32,7,4175.3,88.0109,103.009,1.32588,0.0188526
88.6,327.883,720.429,6405.46,7,4175.47,88.008,103.009,1.31836,0.0187457
88.7,327.89,720.42,6405.59,7,4175.64,88.0051,103.009,1.31088,0.0186393
88.8,327.897,720.411,6405.72,7,4175.81,88.0022,103.008,1.30344,0.0185335
88.9,327.903,720.402,6405.85,7,4175.98,87.9992,103.008,1.29604,0.0184026
89,327.91,720.394,6405.98,7,4176.15,88.0192,103.008,1.28869,0.0183237
89.1,327.917,720.385,6406.1,7,4176.32,88.0163,103.009,1.28137,0.0182197
89.2,327.923,720.376,6406.23,7,4176.49,88.0134,103.009,1.2741,0.0181163
89.3,327.93,720.368,6406.36,7,4176.65,88.0104,103.009,1.26687,0.0180135
89.4,327.936,720.359,6406.48,7,4176.82,88.0075,103.009,1.25968,0.0179113
89.5,327.943,720.351,6406.61,7,4176.98,88.0046,103.009,1.25253,0.0178096
89.6,327.949,720.342,6406.73,7,4177.14,88.0017,103.008,1.24542,0.0177085
89.7,327.955,720.334,6406.86,7,4177.31,87.9988,103.008,1.23835,0.017608
89.8,327.962,720.325,6406.98,7,4177.47,88.0187,103.008,1.23132,0.0175081
89.9,327.968,720.317,6407.1,7,4177.63,88.0158,103.009,1.22433,0.0173844
90,327.974,720.309,6407.23,7,4177.79,88.0129,103.009,1.21738,0.0173099
90.1,327.98,720.3,6407.35,7,4177.95,88.01,103.009,1.21047,0.0172117
90.2,327.986,720.292,6407.47,7,4178.11,88.0071,103.009,1.2036,0.017114
90.3,327.993,720.284,6407.59,7,4178.26,88.0042,103.009,1.19677,0.0170168
90.4,327.999,720.276,6407.71,7,4178.42,88.0013,103.008,1.18998,0.0169202
90.5,328.005,720.268,6407.82,7,4178.57,87.9984,103.008,1.18322,0.0168242
90.6,328.011,720.26,6407.94,7,4178.73,88.0183,103.008,1.17651,0.0167287
90.7,328.017,720.252,6408.06,7,4178.88,88.0154,103.009,1.16983,0.0166337
90.8,328.023,720.244,6408.18,7,4179.03,88.0125,103.009,1.16319,0.0165393
90.9,328.029,720.236,6408.29,7,4179.19,88.0096,103.009,1.15658,0.0164224
91,328.034,720.228,6408.41,7,4179.34,88.0067,103.009,1.15002,0.016352
91.1,328.04,720.221,6408.52,7,4179.49,88.0037,103.009,1.14349,0.0162592
91.2,328.046,720.213,6408.63,7,4179.64,88.0008,103.008,1.137,0.0161669
91.3,328.052,720.205,6408.75,7,4179.78,87.9979,103.008,1.13054,0.0160751
91.4,328.058,720.198,6408.86,7,4179.93,88.0179,103.008,1.12413,0.0159839
91.5,328.063,720.19,6408.97,7,4180.08,88.015,103.009,1.11774,0.0158931
91.6,328.069,720.182,6409.08,7,4180.22,88.0121,103.009,1.1114,0.0158029
91.7,328.075,720.175,6409.19,7,4180.37,88.0091,103.009,1.10509,0.0157132
91.8,328.08,720.167,6409.3,7,4180.51,88.0062,103.009,1.09881,0.015624
91.9,328.086,720.16,6409.41,7,4180.66,88.0033,103.008,1.09258,0.0155136
92,328.091,720.153,6409.52,7,4180.8,88.0004,103.008,1.08637,0.0154471
92.1,328.097,720.145,6409.63,7,4180.94,87.9975,103.008,1.0802,0.0153594
92.2,328.103,720.138,6409.74,7,4181.08,88.0175,103.008,1.07407,0.0152721
92.3,328.108,720.131,6409.84,7,4181.22,88.0145,103.008,1.06797,0.0151854
92.4,328.113,720.123,6409.95,7,4181.36,88.0116,103.008,1.06191,0.0150992
92.5,328.119,720.116,6410.05,7,4181.5,88.0087,103.008,1.05588,0.0150135
92.6,328.124,720.109,6410.16,7,4181.64,88.0058,103.008,1.04988,0.0149282
92.7,328.13,720.102,6410.26,7,4181.77,88.0029,103.008,1.04392,0.0148435
92.8,328.135,720.095,6410.37,7,4181.91,88,103.008,1.038,0.0147592
92.9,328.14,720.088,6410.47,7,4182.05,88.0199,103.008,1.0321,0.0146549
93,328.145,720.081,6410.57,7,4182.18,88.017,103.009,1.02624,0.0145921
93.1,328.151,720.074,6410.68,7,4182.31,88.0141,103.009,1.02041,0.0145092
93.2,328.156,720.067,6410.78,7,4182.45,88.0112,103.009,1.01462,0.0144268
93.3,328.161,720.06,6410.88,7,4182.58,88.0083,103.009,1.00886,0.0143449
93.4,328.166,720.053,6410.98,7,4182.71,88.0054,103.009,1.00313,0.0142634
93.5,328.171,720.047,6411.08,7,4182.84,88.0024,103.009,0.997433,0.0141824
93.6,328.176,720.04,6411.18,7,4182.97,87.9995,103.008,0.991769,0.0141019
93.7,328.181,720.033,6411.28,7,4183.1,88.0195,103.009,0.986137,0.0140218
93.8,328.186,720.027,6411.37,7,4183.23,88.0166,103.009,0.980537,0.0139422
93.9,328.191,720.02,6411.47,7,4183.36,88.0137,103.009,0.974968,0.0138436
94,328.196,720.013,6411.57,7,4183.49,88.0108,103.009,0.969431,0.0137843
94.1,328.201,720.007,6411.66,7,4183.61,88.0078,103.009,0.963926,0.013706
94.2,328.206,720,6411.76,7,4183.74,88.0049,103.009,0.958452,0.0136282
94.3,328.211,719.994,6411.86,7,4183.86,88.002,103.009,0.953009,0.0135508
94.4,328.216,719.987,6411.95,7,4183.99,87.9991,103.008,0.947596,0.0134738
94.5,328.221,719.981,6412.04,7,4184.11,88.0191,103.009,0.942215,0.0133973
94.6,328.225,719.975,6412.14,7,4184.23,88.0162,103.009,0.936863,0.0133212
94.7,328.23,719.968,6412.23,7,4184.36,88.0132,103.009,0.931543,0.0132455
94.8,328.235,719.962,6412.32,7,4184.48,88.0103,103.009,0.926252,0.0131703
94.9,328.24,719.956,6412.42,7,4184.6,88.0074,103.009,0.920991,0.0130772
95,328.244,719.949,6412.51,7,4184.72,88.0045,103.009,0.91576,0.0130211
95.1,328.249,719.943,6412.6,7,4184.84,88.0016,103.009,0.910559,0.0129472
95.2,328.254,719.937,6412.69,7,4184.96,87.9987,103.008,0.905388,0.0128736
95.3,328.258,719.931,6412.78,7,4185.08,88.0186,103.009,0.900245,0.0128005
95.4,328.263,719.925,6412.87,7,4185.19,88.0157,103.009,0.895132,0.0127278
95.5,328.267,719.919,6412.96,7,4185.31,88.0128,103.009,0.890048,0.0126555
95.6,328.272,719.913,6413.05,7,4185.43,88.0099,103.009,0.884992,0.0125836
95.7,328.276,719.907,6413.13,7,4185.54,88.007,103.009,0.879966,0.0125122
95.8,328.281,719.901,6413.22,7,4185.66,88.0041,103.009,0.874967,0.0124411
95.9,328.285,719.895,6413.31,7,4185.77,88.0012,103.009,0.869997,0.0123532
96,328.29,719.889,6413.4,7,4185.88,87.9982,103.008,0.865056,0.0123002
96.1,328.294,719.883,6413.48,7,4186,88.0182,103.009,0.860142,0.0122303
96.2,328.299,719.877,6413.57,7,4186.11,88.0153,103.009,0.855256,0.0121608
96.3,328.303,719.872,6413.65,7,4186.22,88.0124,103.009,0.850398,0.0120917
96.4,328.307,719.866,6413.74,7,4186.33,88.0095,103.009,0.845567,0.0120231
96.5,328.312,719.86,6413.82,7,4186.44,88.0065,103.009,0.840764,0.0119548
96.6,328.316,719.855,6413.9,7,4186.55,88.0036,103.009,0.835988,0.0118869
96.7,328.32,719.849,6413.99,7,4186.66,88.0007,103.009,0.831239,0.0118193
96.8,328.324,719.843,6414.07,7,4186.77,87.9978,103.008,0.826517,0.0117522
96.9,328.329,719.838,6414.15,7,4186.88,88.0178,103.009,0.821822,0.0116691
97,328.333,719.832,6414.23,7,4186.99,88.0149,103.009,0.817153,0.011619
97.1,328.337,719.827,6414.32,7,4187.09,88.012,103.009,0.812511,0.011553
97.2,328.341,719.821,6414.4,7,4187.2,88.009,103.009,0.807896,0.0114874
97.3,328.345,719.816,6414.48,7,4187.3,88.0061,103.009,0.803306,0.0114222
97.4,328.349,719.81,6414.56,7,4187.41,88.0032,103.009,0.798742,0.0113573
97.5,328.353,719.805,6414.64,7,4187.51,88.0003,103.008,0.794205,0.0112927
97.6,328.357,719.799,6414.71,7,4187.62,87.9974,103.008,0.789693,0.0112286
97.7,328.361,719.794,6414.79,7,4187.72,88.0174,103.008,0.785207,0.0111648
97.8,328.365,719.789,6414.87,7,4187.82,88.0144,103.008,0.780746,0.0111014
97.9,328.369,719.783,6414.95,7,4187.92,88.0115,103.009,0.77631,0.0110229
98,328.373,719.778,6415.03,7,4188.03,88.0086,103.009,0.7719,0.0109756
98.1,328.377,719.773,6415.1,7,4188.13,88.0057,103.008,0.767514,0.0109132
98.2,328.381,719.768,6415.18,7,4188.23,88.0028,103.008,0.763154,0.0108512
98.3,328.385,719.763,6415.26,7,4188.33,87.9999,103.008,0.758818,0.0107896
98.4,328.389,719.758,6415.33,7,4188.43,88.0199,103.008,0.754507,0.0107283
98.5,328.393,719.752,6415.41,7,4188.52,88.0169,103.009,0.75022,0.0106673
98.6,328.397,719.747,6415.48,7,4188.62,88.014,103.009,0.745957,0.0106067
98.7,328.4,719.742,6415.55,7,4188.72,88.0111,103.009,0.741719,0.0105465
98.8,328.404,719.737,6415.63,7,4188.82,88.0082,103.009,0.737505,0.0104865
98.9,328.408,719.732,6415.7,7,4188.91,88.0053,103.009,0.733315,0.0104124
99,328.412,719.727,6415.77,7,4189.01,88.0024,103.009,0.729148,0.0103677
99.1,328.415,719.722,6415.85,7,4189.1,87.9994,103.008,0.725005,0.0103088
99.2,328.419,719.718,6415.92,7,4189.2,88.0194,103.009,0.720886,0.0102502
99.3,328.423,719.713,6415.99,7,4189.29,88.0165,103.009,0.71679,0.010192
99.4,328.426,719.708,6416.06,7,4189.39,88.0136,103.009,0.712717,0.0101341
99.5,328.43,719.703,6416.13,7,4189.48,88.0107,103.009,0.708667,0.0100765
99.6,328.434,719.698,6416.2,7,4189.57,88.0078,103.009,0.704641,0.0100192
99.7,328.437,719.693,6416.27,7,4189.66,88.0048,103.009,0.700637,0.00996231
99.8,328.441,719.689,6416.34,7,4189.75,88.0019,103.009,0.696656,0.0099057
99.9,328.444,719.684,6416.41,7,4189.85,87.999,103.008,0.692697,0.00983565
100,328.448,719.679,6416.48,7,4189.94,88.019,103.009,0.688761,0.00979344
